30.3589, -32.1342, -23.6175, 31.2357, -27.8787, -32.0952, 
30.4324, -32.7539, -24.0433, 31.3432, -28.1307, -32.6904, 
30.5058, -33.3736, -24.4692, 31.4507, -28.3827, -33.2855, 
30.5792, -33.9932, -24.895, 31.5582, -28.6348, -33.8807, 
30.6526, -34.6129, -25.3209, 31.6657, -28.8868, -34.4758, 
30.7261, -35.2325, -25.7467, 31.7732, -29.1388, -35.071, 
30.7995, -35.8522, -26.1726, 31.8807, -29.3908, -35.6661, 
30.8729, -36.4718, -26.5984, 31.9882, -29.6428, -36.2613, 
30.9463, -37.0915, -27.0243, 32.0957, -29.8949, -36.8565, 
31.0198, -37.7112, -27.4502, 32.2032, -30.1469, -37.4516, 
31.0932, -38.3308, -27.876, 32.3107, -30.3989, -38.0468, 
31.1666, -38.9505, -28.3019, 32.4182, -30.6509, -38.6419, 
31.5877, -39.1376, -28.3426, 32.1365, -30.9653, -39.4215, 
32.141, -39.6431, -28.1323, 32.0564, -30.8894, -40.0396, 
32.7425, -39.4357, -27.9169, 32.1885, -31.242, -40.6775, 
32.8615, -39.8981, -28.199, 32.0799, -31.1281, -41.4946, 
32.9246, -40.4402, -28.6064, 32.1454, -31.3004, -42.2033, 
32.9878, -40.9823, -29.0138, 32.2109, -31.4728, -42.9119, 
32.7393, -40.6585, -28.9633, 31.8998, -30.7647, -43.3942, 
32.4909, -40.3346, -28.9128, 31.5887, -30.0566, -43.8766, 
32.2424, -40.0107, -28.8623, 31.2776, -29.3485, -44.3589, 
31.994, -39.6868, -28.8118, 30.9665, -28.6404, -44.8413, 
31.7455, -39.3629, -28.7613, 30.6554, -27.9324, -45.3237, 
31.497, -39.039, -28.7109, 30.3443, -27.2243, -45.806, 
31.2486, -38.7152, -28.6604, 30.0332, -26.5162, -46.2884, 
31.0001, -38.3913, -28.6099, 29.7222, -25.8081, -46.7707, 
30.7516, -38.0674, -28.5594, 29.4111, -25.1001, -47.2531, 
30.5032, -37.7435, -28.5089, 29.1, -24.392, -47.7354, 
30.2547, -37.4196, -28.4584, 28.7889, -23.6839, -48.2178, 
30.0063, -37.0957, -28.408, 28.4778, -22.9758, -48.7001, 
29.7578, -36.7719, -28.3575, 28.1667, -22.2678, -49.1825, 
29.5093, -36.448, -28.307, 27.8556, -21.5597, -49.6648, 
29.2609, -36.1241, -28.2565, 27.5445, -20.8516, -50.1472, 
29.0124, -35.8002, -28.206, 27.2334, -20.1435, -50.6296, 
28.7639, -35.4763, -28.1555, 26.9223, -19.4354, -51.1119, 
28.5155, -35.1524, -28.105, 26.6112, -18.7274, -51.5943, 
28.267, -34.8286, -28.0546, 26.3001, -18.0193, -52.0766, 
28.0186, -34.5047, -28.0041, 25.9891, -17.3112, -52.559, 
27.7701, -34.1808, -27.9536, 25.678, -16.6031, -53.0413, 
27.5216, -33.8569, -27.9031, 25.3669, -15.8951, -53.5237, 
27.2732, -33.533, -27.8526, 25.0558, -15.187, -54.006, 
27.0247, -33.2091, -27.8021, 24.7447, -14.4789, -54.4884, 
26.7762, -32.8853, -27.7517, 24.4336, -13.7708, -54.9708, 
26.5278, -32.5614, -27.7012, 24.1225, -13.0627, -55.4531, 
26.2793, -32.2375, -27.6507, 23.8114, -12.3547, -55.9355, 
26.0309, -31.9136, -27.6002, 23.5003, -11.6466, -56.4178, 
25.7824, -31.5897, -27.5497, 23.1892, -10.9385, -56.9002, 
25.5339, -31.2658, -27.4992, 22.8781, -10.2304, -57.3825, 
25.2855, -30.942, -27.4487, 22.567, -9.52236, -57.8649, 
25.037, -30.6181, -27.3983, 22.256, -8.81429, -58.3472, 
24.7885, -30.2942, -27.3478, 21.9449, -8.10621, -58.8296, 
24.5401, -29.9703, -27.2973, 21.6338, -7.39813, -59.3119, 
24.2916, -29.6464, -27.2468, 21.3227, -6.69006, -59.7943, 
24.0432, -29.3225, -27.1963, 21.0116, -5.98198, -60.2767, 
23.7947, -28.9987, -27.1458, 20.7005, -5.2739, -60.759, 
23.5462, -28.6748, -27.0953, 20.3894, -4.56582, -61.2414, 
23.2978, -28.3509, -27.0449, 20.0783, -3.85775, -61.7237, 
23.0493, -28.027, -26.9944, 19.7672, -3.14967, -62.2061, 
22.8008, -27.7031, -26.9439, 19.4561, -2.44159, -62.6884, 
22.5524, -27.3792, -26.8934, 19.145, -1.73352, -63.1708, 
22.3039, -27.0554, -26.8429, 18.8339, -1.02544, -63.6531, 
22.0555, -26.7315, -26.7924, 18.5229, -0.317362, -64.1355, 
21.807, -26.4076, -26.742, 18.2118, 0.390715, -64.6178, 
21.5585, -26.0837, -26.6915, 17.9007, 1.09879, -65.1002, 
21.3101, -25.7598, -26.641, 17.5896, 1.80687, -65.5826, 
21.0616, -25.4359, -26.5905, 17.2785, 2.51495, -66.0649, 
20.8132, -25.1121, -26.54, 16.9674, 3.22302, -66.5473, 
20.5647, -24.7882, -26.4895, 16.6563, 3.9311, -67.0296, 
20.3162, -24.4643, -26.439, 16.3452, 4.63918, -67.512, 
20.0678, -24.1404, -26.3886, 16.0341, 5.34725, -67.9943, 
19.8193, -23.8165, -26.3381, 15.723, 6.05533, -68.4767, 
19.5708, -23.4926, -26.2876, 15.4119, 6.76341, -68.959, 
19.3224, -23.1688, -26.2371, 15.1008, 7.47149, -69.4414, 
19.0739, -22.8449, -26.1866, 14.7897, 8.17956, -69.9238, 
18.8255, -22.521, -26.1361, 14.4787, 8.88764, -70.4061, 
18.577, -22.1971, -26.0857, 14.1676, 9.59572, -70.8885, 
18.3285, -21.8732, -26.0352, 13.8565, 10.3038, -71.3708, 
18.0801, -21.5493, -25.9847, 13.5454, 11.0119, -71.8532, 
17.8316, -21.2255, -25.9342, 13.2343, 11.7199, -72.3355, 
17.5831, -20.9016, -25.8837, 12.9232, 12.428, -72.8179, 
17.3347, -20.5777, -25.8332, 12.6121, 13.1361, -73.3002, 
17.0862, -20.2538, -25.7827, 12.301, 13.8442, -73.7826, 
16.8378, -19.9299, -25.7323, 11.9899, 14.5523, -74.2649, 
16.5893, -19.606, -25.6818, 11.6788, 15.2603, -74.7473, 
16.3408, -19.2822, -25.6313, 11.3677, 15.9684, -75.2297, 
16.0924, -18.9583, -25.5808, 11.0566, 16.6765, -75.712, 
15.8439, -18.6344, -25.5303, 10.7456, 17.3846, -76.1944, 
15.5954, -18.3105, -25.4798, 10.4345, 18.0926, -76.6767, 
15.347, -17.9866, -25.4294, 10.1234, 18.8007, -77.1591, 
15.0985, -17.6628, -25.3789, 9.81228, 19.5088, -77.6414, 
14.8501, -17.3389, -25.3284, 9.50119, 20.2169, -78.1238, 
14.6016, -17.015, -25.2779, 9.1901, 20.9249, -78.6061, 
14.3531, -16.6911, -25.2274, 8.87901, 21.633, -79.0885, 
14.1047, -16.3672, -25.1769, 8.56791, 22.3411, -79.5708, 
13.8562, -16.0433, -25.1264, 8.25682, 23.0492, -80.0532, 
13.6077, -15.7195, -25.076, 7.94573, 23.7573, -80.5356, 
13.3593, -15.3956, -25.0255, 7.63464, 24.4653, -81.0179, 
13.1108, -15.0717, -24.975, 7.32355, 25.1734, -81.5003, 
12.8624, -14.7478, -24.9245, 7.01245, 25.8815, -81.9826, 
12.6139, -14.4239, -24.874, 6.70136, 26.5896, -82.465, 
12.3654, -14.1, -24.8235, 6.39027, 27.2976, -82.9473, 
12.117, -13.7762, -24.773, 6.07918, 28.0057, -83.4297, 
11.8685, -13.4523, -24.7226, 5.76809, 28.7138, -83.912, 
11.9788, -13.7018, -24.4588, 5.38849, 28.9041, -84.734, 
11.7163, -14.1661, -24.322, 5.62087, 28.9946, -85.5306, 
11.7564, -14.6629, -24.3837, 5.66042, 29.5143, -86.2207, 
12.1296, -14.7776, -24.0921, 5.87626, 29.3297, -87.0465, 
11.9762, -15.4443, -24.2148, 5.54137, 29.2033, -87.67, 
12.2695, -15.137, -24.8355, 5.40846, 29.2316, -88.3149, 
12.2977, -15.2445, -24.9787, 5.10631, 29.6332, -89.1602, 
12, -15, -25, 5, 30, -90, 
28.6191, -24.6723, -20.1171, 30.4382, -28.6622, -13.6943, 
28.812, -25.2839, -20.7668, 30.2834, -28.8302, -14.0326, 
28.5852, -26.0517, -21.1797, 29.8622, -28.8881, -13.9448, 
28.3584, -26.8196, -21.5925, 29.4409, -28.9459, -13.8569, 
28.1317, -27.5874, -22.0054, 29.0196, -29.0037, -13.7691, 
27.9049, -28.3552, -22.4183, 28.5983, -29.0616, -13.6812, 
27.6781, -29.1231, -22.8311, 28.1771, -29.1194, -13.5934, 
27.4513, -29.8909, -23.244, 27.7558, -29.1772, -13.5055, 
27.2246, -30.6588, -23.6568, 27.3345, -29.235, -13.4177, 
26.7899, -30.2472, -23.671, 26.9235, -28.6669, -13.0308, 
26.3552, -29.8356, -23.6852, 26.5125, -28.0987, -12.6439, 
25.9206, -29.424, -23.6994, 26.1015, -27.5305, -12.257, 
25.4859, -29.0123, -23.7136, 25.6906, -26.9623, -11.8701, 
25.0512, -28.6007, -23.7278, 25.2796, -26.3941, -11.4831, 
24.6166, -28.1891, -23.742, 24.8686, -25.826, -11.0962, 
24.1819, -27.7775, -23.7562, 24.4576, -25.2578, -10.7093, 
23.7472, -27.3659, -23.7704, 24.0466, -24.6896, -10.3224, 
23.3125, -26.9543, -23.7846, 23.6356, -24.1214, -9.93553, 
22.8779, -26.5427, -23.7988, 23.2246, -23.5532, -9.54863, 
22.4432, -26.1311, -23.813, 22.8136, -22.9851, -9.16173, 
22.0085, -25.7195, -23.8272, 22.4027, -22.4169, -8.77482, 
21.5739, -25.3078, -23.8414, 21.9917, -21.8487, -8.38792, 
21.1392, -24.8962, -23.8556, 21.5807, -21.2805, -8.00102, 
20.7045, -24.4846, -23.8697, 21.1697, -20.7123, -7.61411, 
20.2698, -24.073, -23.8839, 20.7587, -20.1441, -7.22721, 
20.4384, -24.3135, -23.4484, 20.8, -19.3235, -7.0062, 
20.6833, -23.8903, -23.1376, 21.4465, -18.993, -6.63577, 
20.7898, -23.7252, -22.9747, 21.1861, -18.4551, -5.87572, 
20.5603, -23.6749, -23.7556, 20.9455, -17.9606, -5.69515, 
20.7495, -23.3352, -24.487, 20.7513, -17.9092, -5.17219, 
20.3996, -22.8682, -24.3896, 20.401, -17.3273, -4.73775, 
20.0497, -22.4011, -24.2922, 20.0508, -16.7455, -4.30332, 
19.6998, -21.9341, -24.1948, 19.7005, -16.1637, -3.86888, 
19.3499, -21.467, -24.0974, 19.3503, -15.5818, -3.43444, 
19, -21, -24, 19, -15, -3, 
31.4281, -35.6044, -23.4663, 33.3931, -31.9727, -33.2944, 
31.5851, -36.0677, -23.8644, 33.2942, -31.9419, -34.0635, 
31.7422, -36.5311, -24.2625, 33.1952, -31.9111, -34.8326, 
31.8992, -36.9944, -24.6605, 33.0963, -31.8802, -35.6016, 
32.0562, -37.4577, -25.0586, 32.9974, -31.8494, -36.3707, 
32.2132, -37.921, -25.4566, 32.8984, -31.8186, -37.1398, 
32.3703, -38.3843, -25.8547, 32.7995, -31.7878, -37.9089, 
32.5273, -38.8477, -26.2528, 32.7006, -31.757, -38.678, 
32.6843, -39.311, -26.6508, 32.6016, -31.7261, -39.4471, 
32.8413, -39.7743, -27.0489, 32.5027, -31.6953, -40.2161, 
32.9984, -40.2376, -27.447, 32.4038, -31.6645, -40.9852, 
33.1554, -40.701, -27.845, 32.3048, -31.6337, -41.7543, 
33.3124, -41.1643, -28.2431, 32.2059, -31.6029, -42.5234, 
33.0984, -40.8407, -28.1607, 31.8977, -30.9306, -43.0672, 
32.8365, -40.5163, -28.109, 31.5925, -30.2421, -43.5735, 
32.5746, -40.192, -28.0573, 31.2873, -29.5536, -44.0798, 
32.3127, -39.8676, -28.0056, 30.9821, -28.865, -44.5861, 
32.0508, -39.5432, -27.9539, 30.677, -28.1765, -45.0924, 
31.7889, -39.2188, -27.9022, 30.3718, -27.488, -45.5987, 
31.527, -38.8945, -27.8504, 30.0666, -26.7995, -46.105, 
31.2651, -38.5701, -27.7987, 29.7614, -26.111, -46.6112, 
31.0032, -38.2457, -27.747, 29.4562, -25.4225, -47.1175, 
30.7413, -37.9214, -27.6953, 29.151, -24.734, -47.6238, 
30.4794, -37.597, -27.6436, 28.8458, -24.0454, -48.1301, 
30.2175, -37.2726, -27.5919, 28.5407, -23.3569, -48.6364, 
29.9556, -36.9482, -27.5401, 28.2355, -22.6684, -49.1427, 
29.6937, -36.6239, -27.4884, 27.9303, -21.9799, -49.649, 
29.4318, -36.2995, -27.4367, 27.6251, -21.2914, -50.1553, 
29.1699, -35.9751, -27.385, 27.3199, -20.6029, -50.6615, 
28.908, -35.6507, -27.3333, 27.0147, -19.9144, -51.1678, 
28.6461, -35.3264, -27.2816, 26.7095, -19.2259, -51.6741, 
28.3842, -35.002, -27.2299, 26.4044, -18.5373, -52.1804, 
28.1223, -34.6776, -27.1781, 26.0992, -17.8488, -52.6867, 
27.8604, -34.3533, -27.1264, 25.794, -17.1603, -53.193, 
27.5985, -34.0289, -27.0747, 25.4888, -16.4718, -53.6993, 
27.3366, -33.7045, -27.023, 25.1836, -15.7833, -54.2056, 
27.0747, -33.3801, -26.9713, 24.8784, -15.0948, -54.7119, 
26.8128, -33.0558, -26.9196, 24.5732, -14.4063, -55.2181, 
26.5509, -32.7314, -26.8678, 24.268, -13.7178, -55.7244, 
26.289, -32.407, -26.8161, 23.9629, -13.0292, -56.2307, 
26.0271, -32.0826, -26.7644, 23.6577, -12.3407, -56.737, 
25.7653, -31.7583, -26.7127, 23.3525, -11.6522, -57.2433, 
25.5034, -31.4339, -26.661, 23.0473, -10.9637, -57.7496, 
25.2415, -31.1095, -26.6093, 22.7421, -10.2752, -58.2559, 
24.9796, -30.7852, -26.5575, 22.4369, -9.58668, -58.7622, 
24.7177, -30.4608, -26.5058, 22.1317, -8.89817, -59.2685, 
24.4558, -30.1364, -26.4541, 21.8266, -8.20965, -59.7747, 
24.1939, -29.812, -26.4024, 21.5214, -7.52114, -60.281, 
23.932, -29.4877, -26.3507, 21.2162, -6.83263, -60.7873, 
23.6701, -29.1633, -26.299, 20.911, -6.14412, -61.2936, 
23.4082, -28.8389, -26.2472, 20.6058, -5.4556, -61.7999, 
23.1463, -28.5145, -26.1955, 20.3006, -4.76709, -62.3062, 
22.8844, -28.1902, -26.1438, 19.9954, -4.07858, -62.8125, 
22.6225, -27.8658, -26.0921, 19.6903, -3.39006, -63.3188, 
22.3606, -27.5414, -26.0404, 19.3851, -2.70155, -63.8251, 
22.0987, -27.2171, -25.9887, 19.0799, -2.01304, -64.3313, 
21.8368, -26.8927, -25.937, 18.7747, -1.32453, -64.8376, 
21.5749, -26.5683, -25.8852, 18.4695, -0.636014, -65.3439, 
21.313, -26.2439, -25.8335, 18.1643, 0.0524992, -65.8502, 
21.0511, -25.9196, -25.7818, 17.8591, 0.741012, -66.3565, 
20.7892, -25.5952, -25.7301, 17.554, 1.42952, -66.8628, 
20.5273, -25.2708, -25.6784, 17.2488, 2.11804, -67.3691, 
20.2654, -24.9465, -25.6267, 16.9436, 2.80655, -67.8754, 
20.0035, -24.6221, -25.5749, 16.6384, 3.49506, -68.3817, 
19.7416, -24.2977, -25.5232, 16.3332, 4.18358, -68.8879, 
19.4797, -23.9733, -25.4715, 16.028, 4.87209, -69.3942, 
19.2178, -23.649, -25.4198, 15.7228, 5.5606, -69.9005, 
18.9559, -23.3246, -25.3681, 15.4177, 6.24911, -70.4068, 
18.694, -23.0002, -25.3164, 15.1125, 6.93763, -70.9131, 
18.4321, -22.6758, -25.2646, 14.8073, 7.62614, -71.4194, 
18.1702, -22.3515, -25.2129, 14.5021, 8.31465, -71.9257, 
17.9083, -22.0271, -25.1612, 14.1969, 9.00317, -72.432, 
17.6464, -21.7027, -25.1095, 13.8917, 9.69168, -72.9382, 
17.3845, -21.3784, -25.0578, 13.5865, 10.3802, -73.4445, 
17.1226, -21.054, -25.0061, 13.2813, 11.0687, -73.9508, 
16.8607, -20.7296, -24.9543, 12.9762, 11.7572, -74.4571, 
16.5988, -20.4052, -24.9026, 12.671, 12.4457, -74.9634, 
16.3369, -20.0809, -24.8509, 12.3658, 13.1342, -75.4697, 
16.075, -19.7565, -24.7992, 12.0606, 13.8228, -75.976, 
15.8131, -19.4321, -24.7475, 11.7554, 14.5113, -76.4823, 
15.5512, -19.1077, -24.6958, 11.4502, 15.1998, -76.9886, 
15.2893, -18.7834, -24.6441, 11.145, 15.8883, -77.4948, 
15.0274, -18.459, -24.5923, 10.8399, 16.5768, -78.0011, 
14.7655, -18.1346, -24.5406, 10.5347, 17.2653, -78.5074, 
14.5036, -17.8103, -24.4889, 10.2295, 17.9538, -79.0137, 
14.2417, -17.4859, -24.4372, 9.9243, 18.6423, -79.52, 
13.9798, -17.1615, -24.3855, 9.61911, 19.3309, -80.0263, 
13.7179, -16.8371, -24.3338, 9.31393, 20.0194, -80.5326, 
13.456, -16.5128, -24.282, 9.00874, 20.7079, -81.0389, 
13.1941, -16.1884, -24.2303, 8.70356, 21.3964, -81.5452, 
12.9322, -15.864, -24.1786, 8.39837, 22.0849, -82.0514, 
12.6703, -15.5396, -24.1269, 8.09318, 22.7734, -82.5577, 
12.4084, -15.2153, -24.0752, 7.788, 23.4619, -83.064, 
12.1465, -14.8909, -24.0235, 7.48281, 24.1504, -83.5703, 
11.8846, -14.5665, -23.9717, 7.17763, 24.839, -84.0766, 
11.6227, -14.2422, -23.92, 6.87244, 25.5275, -84.5829, 
11.3608, -13.9178, -23.8683, 6.56725, 26.216, -85.0892, 
11.5194, -14.1967, -23.5589, 6.97187, 26.7218, -85.7071, 
11.1974, -14.0376, -24.0546, 6.76738, 27.0049, -86.4166, 
11.2809, -13.939, -23.7746, 7.11776, 27.4829, -87.1606, 
11.1764, -14.5079, -23.9872, 6.63539, 27.8858, -87.6353, 
11.6473, -14.9314, -24.0056, 6.14482, 28.4167, -87.9112, 
11.2331, -14.6326, -24.3311, 5.80927, 28.8149, -88.5128, 
11.4078, -15.123, -24.7396, 5.4284, 29.3398, -88.8892, 
12.0873, -14.8472, -24.4763, 5.1473, 29.8036, -89.2035, 
12, -15, -25, 5, 30, -90, 
32.8132, -39.8088, -27.1558, 32.1898, -29.735, -40.3071, 
32.8628, -39.9133, -27.4542, 31.9565, -29.4919, -41.1925, 
32.9123, -40.0177, -27.7527, 31.7231, -29.2488, -42.0779, 
32.9619, -40.1221, -28.0512, 31.4897, -29.0056, -42.9633, 
33.0115, -40.2265, -28.3497, 31.2564, -28.7625, -43.8488, 
33.0317, -40.3287, -28.6095, 31.0427, -28.4773, -44.7402, 
32.7842, -40.0221, -28.5703, 30.7296, -27.7746, -45.2416, 
32.5367, -39.7154, -28.5311, 30.4166, -27.072, -45.7431, 
32.2892, -39.4087, -28.492, 30.1035, -26.3694, -46.2445, 
32.0416, -39.102, -28.4528, 29.7904, -25.6667, -46.746, 
31.7941, -38.7954, -28.4137, 29.4774, -24.9641, -47.2474, 
31.5466, -38.4887, -28.3745, 29.1643, -24.2615, -47.7489, 
31.2991, -38.182, -28.3353, 28.8513, -23.5588, -48.2503, 
31.0515, -37.8753, -28.2962, 28.5382, -22.8562, -48.7518, 
30.804, -37.5687, -28.257, 28.2252, -22.1536, -49.2532, 
30.5565, -37.262, -28.2178, 27.9121, -21.4509, -49.7547, 
30.309, -36.9553, -28.1787, 27.5991, -20.7483, -50.2561, 
30.0614, -36.6486, -28.1395, 27.286, -20.0457, -50.7576, 
29.8139, -36.342, -28.1004, 26.973, -19.343, -51.259, 
29.5664, -36.0353, -28.0612, 26.6599, -18.6404, -51.7605, 
29.3189, -35.7286, -28.022, 26.3469, -17.9378, -52.2619, 
29.0713, -35.4219, -27.9829, 26.0338, -17.2351, -52.7634, 
28.8238, -35.1153, -27.9437, 25.7208, -16.5325, -53.2649, 
28.5763, -34.8086, -27.9045, 25.4077, -15.8299, -53.7663, 
28.3288, -34.5019, -27.8654, 25.0947, -15.1272, -54.2678, 
28.0812, -34.1952, -27.8262, 24.7816, -14.4246, -54.7692, 
27.8337, -33.8886, -27.7871, 24.4685, -13.722, -55.2707, 
27.5862, -33.5819, -27.7479, 24.1555, -13.0193, -55.7721, 
27.3387, -33.2752, -27.7087, 23.8424, -12.3167, -56.2736, 
27.0911, -32.9685, -27.6696, 23.5294, -11.6141, -56.775, 
26.8436, -32.6619, -27.6304, 23.2163, -10.9114, -57.2765, 
26.5961, -32.3552, -27.5912, 22.9033, -10.2088, -57.7779, 
26.3486, -32.0485, -27.5521, 22.5902, -9.50617, -58.2794, 
26.101, -31.7418, -27.5129, 22.2772, -8.80354, -58.7808, 
25.8535, -31.4352, -27.4738, 21.9641, -8.10091, -59.2823, 
25.606, -31.1285, -27.4346, 21.6511, -7.39828, -59.7837, 
25.3585, -30.8218, -27.3954, 21.338, -6.69564, -60.2852, 
25.111, -30.5151, -27.3563, 21.025, -5.99301, -60.7866, 
24.8634, -30.2085, -27.3171, 20.7119, -5.29038, -61.2881, 
24.6159, -29.9018, -27.2779, 20.3989, -4.58775, -61.7895, 
24.3684, -29.5951, -27.2388, 20.0858, -3.88511, -62.291, 
24.1209, -29.2884, -27.1996, 19.7728, -3.18248, -62.7924, 
23.8733, -28.9818, -27.1604, 19.4597, -2.47985, -63.2939, 
23.6258, -28.6751, -27.1213, 19.1466, -1.77722, -63.7953, 
23.3783, -28.3684, -27.0821, 18.8336, -1.07458, -64.2968, 
23.1308, -28.0617, -27.043, 18.5205, -0.37195, -64.7982, 
22.8832, -27.7551, -27.0038, 18.2075, 0.330682, -65.2997, 
22.6357, -27.4484, -26.9646, 17.8944, 1.03331, -65.8011, 
22.3882, -27.1417, -26.9255, 17.5814, 1.73595, -66.3026, 
22.1407, -26.835, -26.8863, 17.2683, 2.43858, -66.804, 
21.8931, -26.5284, -26.8471, 16.9553, 3.14121, -67.3055, 
21.6456, -26.2217, -26.808, 16.6422, 3.84385, -67.8069, 
21.3981, -25.915, -26.7688, 16.3292, 4.54648, -68.3084, 
21.1506, -25.6083, -26.7297, 16.0161, 5.24911, -68.8099, 
20.903, -25.3017, -26.6905, 15.7031, 5.95174, -69.3113, 
20.6555, -24.995, -26.6513, 15.39, 6.65438, -69.8128, 
20.408, -24.6883, -26.6122, 15.077, 7.35701, -70.3142, 
20.1605, -24.3816, -26.573, 14.7639, 8.05964, -70.8157, 
19.9129, -24.075, -26.5338, 14.4509, 8.76227, -71.3171, 
19.6654, -23.7683, -26.4947, 14.1378, 9.46491, -71.8186, 
19.4179, -23.4616, -26.4555, 13.8247, 10.1675, -72.32, 
19.1704, -23.1549, -26.4164, 13.5117, 10.8702, -72.8215, 
18.9228, -22.8483, -26.3772, 13.1986, 11.5728, -73.3229, 
18.6753, -22.5416, -26.338, 12.8856, 12.2754, -73.8244, 
18.4278, -22.2349, -26.2989, 12.5725, 12.9781, -74.3258, 
18.1803, -21.9282, -26.2597, 12.2595, 13.6807, -74.8273, 
17.9327, -21.6216, -26.2205, 11.9464, 14.3833, -75.3287, 
17.6852, -21.3149, -26.1814, 11.6334, 15.086, -75.8302, 
17.4377, -21.0082, -26.1422, 11.3203, 15.7886, -76.3316, 
17.1902, -20.7015, -26.1031, 11.0073, 16.4912, -76.8331, 
16.9427, -20.3949, -26.0639, 10.6942, 17.1939, -77.3345, 
16.6951, -20.0882, -26.0247, 10.3812, 17.8965, -77.836, 
16.4476, -19.7815, -25.9856, 10.0681, 18.5991, -78.3374, 
16.2001, -19.4748, -25.9464, 9.75506, 19.3018, -78.8389, 
15.9526, -19.1682, -25.9072, 9.44201, 20.0044, -79.3403, 
15.705, -18.8615, -25.8681, 9.12896, 20.707, -79.8418, 
15.4575, -18.5548, -25.8289, 8.8159, 21.4097, -80.3432, 
15.21, -18.2481, -25.7897, 8.50285, 22.1123, -80.8447, 
14.9625, -17.9415, -25.7506, 8.1898, 22.8149, -81.3461, 
14.7149, -17.6348, -25.7114, 7.87674, 23.5176, -81.8476, 
14.4674, -17.3281, -25.6723, 7.56369, 24.2202, -82.349, 
14.2199, -17.0214, -25.6331, 7.25064, 24.9228, -82.8505, 
13.9724, -16.7148, -25.5939, 6.93759, 25.6255, -83.3519, 
13.7248, -16.4081, -25.5548, 6.62453, 26.3281, -83.8534, 
13.4773, -16.1014, -25.5156, 6.31148, 27.0307, -84.3549, 
13.2298, -15.7947, -25.4764, 5.99843, 27.7334, -84.8563, 
12.9823, -15.4881, -25.4373, 5.68537, 28.436, -85.3578, 
12.7347, -15.1814, -25.3981, 5.37232, 29.1386, -85.8592, 
12.5702, -15.6178, -25.1367, 5.06545, 29.3843, -86.6073, 
12.9367, -15.2193, -24.9613, 5.52861, 29.6819, -87.218, 
12.6972, -14.7338, -25.2893, 5.01639, 29.7185, -87.7974, 
12.2348, -14.4558, -25.3043, 4.87836, 30.1508, -88.5064, 
12.369, -14.7082, -25.0772, 5.26602, 30.4548, -89.2963, 
12, -15, -25, 5, 30, -90, 
31.3761, -37.0862, -26.6395, 30.0192, -25.0683, -40.9983, 
31.1289, -36.6917, -26.6117, 29.6964, -24.3265, -41.3561, 
30.8818, -36.2971, -26.584, 29.3736, -23.5847, -41.7138, 
30.6346, -35.9025, -26.5562, 29.0508, -22.8429, -42.0716, 
30.3874, -35.5079, -26.5285, 28.728, -22.1011, -42.4294, 
30.1403, -35.1134, -26.5008, 28.4052, -21.3593, -42.7871, 
29.8931, -34.7188, -26.473, 28.0824, -20.6175, -43.1449, 
29.646, -34.3242, -26.4453, 27.7596, -19.8757, -43.5027, 
29.3988, -33.9296, -26.4176, 27.4368, -19.1339, -43.8604, 
29.1517, -33.535, -26.3898, 27.114, -18.3921, -44.2182, 
28.9045, -33.1405, -26.3621, 26.7913, -17.6504, -44.576, 
28.6573, -32.7459, -26.3343, 26.4685, -16.9086, -44.9337, 
28.4102, -32.3513, -26.3066, 26.1457, -16.1668, -45.2915, 
28.163, -31.9567, -26.2789, 25.8229, -15.425, -45.6493, 
27.9159, -31.5621, -26.2511, 25.5001, -14.6832, -46.0071, 
27.6687, -31.1676, -26.2234, 25.1773, -13.9414, -46.3648, 
27.4215, -30.773, -26.1956, 24.8545, -13.1996, -46.7226, 
27.1744, -30.3784, -26.1679, 24.5317, -12.4578, -47.0804, 
26.9176, -30.0796, -26.1265, 24.283, -11.8758, -47.7456, 
26.6609, -29.7808, -26.0852, 24.0343, -11.2939, -48.4109, 
26.4041, -29.482, -26.0438, 23.7857, -10.7119, -49.0761, 
26.1473, -29.1831, -26.0025, 23.537, -10.1299, -49.7413, 
25.8906, -28.8843, -25.9611, 23.2883, -9.54798, -50.4066, 
25.6338, -28.5855, -25.9198, 23.0397, -8.96601, -51.0718, 
25.377, -28.2867, -25.8784, 22.791, -8.38405, -51.7371, 
25.1203, -27.9879, -25.8371, 22.5423, -7.80208, -52.4023, 
24.8635, -27.689, -25.7958, 22.2937, -7.22012, -53.0676, 
24.6067, -27.3902, -25.7544, 22.045, -6.63815, -53.7328, 
24.35, -27.0914, -25.7131, 21.7963, -6.05618, -54.398, 
24.0932, -26.7926, -25.6717, 21.5476, -5.47422, -55.0633, 
23.8364, -26.4938, -25.6304, 21.299, -4.89225, -55.7285, 
23.5797, -26.1949, -25.589, 21.0503, -4.31029, -56.3938, 
23.3229, -25.8961, -25.5477, 20.8016, -3.72832, -57.059, 
23.0661, -25.5973, -25.5063, 20.553, -3.14636, -57.7242, 
22.8094, -25.2985, -25.465, 20.3043, -2.56439, -58.3895, 
22.5526, -24.9997, -25.4236, 20.0556, -1.98242, -59.0547, 
22.2958, -24.7008, -25.3823, 19.8069, -1.40046, -59.72, 
22.0391, -24.402, -25.3409, 19.5583, -0.818492, -60.3852, 
21.7823, -24.1032, -25.2996, 19.3096, -0.236527, -61.0505, 
21.5256, -23.8044, -25.2582, 19.0609, 0.345439, -61.7157, 
21.2688, -23.5056, -25.2169, 18.8123, 0.927405, -62.3809, 
21.012, -23.2068, -25.1755, 18.5636, 1.50937, -63.0462, 
20.7553, -22.9079, -25.1342, 18.3149, 2.09134, -63.7114, 
20.4985, -22.6091, -25.0928, 18.0663, 2.6733, -64.3767, 
20.2417, -22.3103, -25.0515, 17.8176, 3.25527, -65.0419, 
19.985, -22.0115, -25.0101, 17.5689, 3.83723, -65.7072, 
20.6635, -22.5113, -24.9978, 17.6588, 4.22492, -66.0694, 
20.3866, -22.9301, -24.6227, 17.6632, 3.7575, -66.6928, 
20.4864, -23.1398, -25.1189, 17.0556, 3.89559, -67.251, 
20.676, -23.5478, -24.7402, 16.6834, 3.72928, -67.9496, 
20.4039, -23.2399, -25.0946, 17.0525, 3.65779, -68.7007, 
20.1494, -22.8928, -25.0381, 16.7597, 4.34837, -69.1996, 
19.8949, -22.5457, -24.9816, 16.4668, 5.03895, -69.6985, 
19.6405, -22.1985, -24.9251, 16.174, 5.72952, -70.1974, 
19.386, -21.8514, -24.8686, 15.8811, 6.4201, -70.6963, 
19.1315, -21.5043, -24.812, 15.5883, 7.11067, -71.1952, 
18.877, -21.1571, -24.7555, 15.2954, 7.80125, -71.694, 
18.6225, -20.81, -24.699, 15.0026, 8.49183, -72.1929, 
18.368, -20.4628, -24.6425, 14.7097, 9.1824, -72.6918, 
18.1135, -20.1157, -24.586, 14.4169, 9.87298, -73.1907, 
17.859, -19.7686, -24.5295, 14.1241, 10.5636, -73.6896, 
17.6046, -19.4214, -24.473, 13.8312, 11.2541, -74.1884, 
17.3501, -19.0743, -24.4165, 13.5384, 11.9447, -74.6873, 
17.0956, -18.7271, -24.3599, 13.2455, 12.6353, -75.1862, 
16.8411, -18.38, -24.3034, 12.9527, 13.3259, -75.6851, 
16.5866, -18.0329, -24.2469, 12.6598, 14.0164, -76.184, 
16.3321, -17.6857, -24.1904, 12.367, 14.707, -76.6829, 
16.0776, -17.3386, -24.1339, 12.0741, 15.3976, -77.1817, 
15.8232, -16.9915, -24.0774, 11.7813, 16.0882, -77.6806, 
15.5687, -16.6443, -24.0209, 11.4884, 16.7787, -78.1795, 
15.3142, -16.2972, -23.9644, 11.1956, 17.4693, -78.6784, 
15.0597, -15.95, -23.9078, 10.9028, 18.1599, -79.1773, 
14.8052, -15.6029, -23.8513, 10.6099, 18.8505, -79.6762, 
14.5507, -15.2558, -23.7948, 10.3171, 19.541, -80.175, 
14.2962, -14.9086, -23.7383, 10.0242, 20.2316, -80.6739, 
14.0417, -14.5615, -23.6818, 9.73138, 20.9222, -81.1728, 
13.7873, -14.2143, -23.6253, 9.43853, 21.6128, -81.6717, 
13.5328, -13.8672, -23.5688, 9.14569, 22.3033, -82.1706, 
13.2783, -13.5201, -23.5123, 8.85284, 22.9939, -82.6695, 
13.0238, -13.1729, -23.4557, 8.56, 23.6845, -83.1683, 
12.7693, -12.8258, -23.3992, 8.26715, 24.3751, -83.6672, 
12.5148, -12.4786, -23.3427, 7.97431, 25.0656, -84.1661, 
12.2603, -12.1315, -23.2862, 7.68146, 25.7562, -84.665, 
12.0059, -11.7844, -23.2297, 7.38862, 26.4468, -85.1639, 
12.2091, -11.8249, -23.4555, 7.37032, 27.0035, -85.9358, 
12.3131, -11.8753, -23.618, 7.26394, 27.3575, -86.8433, 
12.0142, -12.3118, -24.2389, 6.83914, 27.3485, -87.2359, 
12.4501, -12.3079, -24.5685, 6.62884, 27.9221, -87.8088, 
12.8251, -12.7123, -24.2245, 6.08998, 28.4357, -87.9612, 
12.2879, -13.2696, -24.6203, 5.7282, 28.7701, -88.0003, 
12.6371, -13.702, -24.1507, 5.45073, 29.2682, -88.3818, 
12.3934, -13.8706, -24.1735, 5.60701, 29.4729, -89.3012, 
12.1718, -14.2765, -24.6835, 5.55166, 29.801, -89.9457, 
12, -15, -25, 5, 30, -90, 
32.6611, -39.3304, -26.6806, 34.572, -34.0453, -30.5745, 
32.804, -39.7118, -26.8245, 34.7733, -34.6569, -31.206, 
32.7293, -39.7017, -27.1322, 34.8704, -34.9292, -32.1093, 
32.6546, -39.6915, -27.44, 34.9675, -35.2015, -33.0127, 
32.7149, -39.8304, -27.5744, 34.7412, -34.9003, -33.9166, 
32.7751, -39.9693, -27.7089, 34.5149, -34.5992, -34.8205, 
32.8354, -40.1082, -27.8433, 34.2885, -34.298, -35.7244, 
32.8956, -40.247, -27.9778, 34.0622, -33.9968, -36.6283, 
32.9559, -40.3859, -28.1122, 33.8358, -33.6956, -37.5323, 
33.0161, -40.5248, -28.2466, 33.6095, -33.3944, -38.4362, 
33.0764, -40.6637, -28.3811, 33.3832, -33.0933, -39.3401, 
33.1366, -40.8025, -28.5155, 33.1568, -32.7921, -40.244, 
33.1969, -40.9414, -28.6499, 32.9305, -32.4909, -41.1479, 
33.2571, -41.0803, -28.7844, 32.7042, -32.1897, -42.0519, 
33.3174, -41.2192, -28.9188, 32.4778, -31.8885, -42.9558, 
33.058, -40.897, -28.8709, 32.1806, -31.2026, -43.4732, 
32.7987, -40.5748, -28.823, 31.8833, -30.5166, -43.9906, 
32.5394, -40.2527, -28.7751, 31.586, -29.8306, -44.508, 
32.28, -39.9305, -28.7272, 31.2888, -29.1446, -45.0254, 
32.0207, -39.6083, -28.6793, 30.9915, -28.4586, -45.5428, 
31.7613, -39.2862, -28.6314, 30.6942, -27.7726, -46.0603, 
31.502, -38.964, -28.5834, 30.397, -27.0867, -46.5777, 
31.2426, -38.6418, -28.5355, 30.0997, -26.4007, -47.0951, 
30.9833, -38.3197, -28.4876, 29.8024, -25.7147, -47.6125, 
30.7239, -37.9975, -28.4397, 29.5052, -25.0287, -48.1299, 
30.4646, -37.6753, -28.3918, 29.2079, -24.3427, -48.6473, 
30.2052, -37.3532, -28.3439, 28.9107, -23.6568, -49.1648, 
29.9459, -37.031, -28.296, 28.6134, -22.9708, -49.6822, 
29.6865, -36.7089, -28.2481, 28.3161, -22.2848, -50.1996, 
29.4272, -36.3867, -28.2002, 28.0189, -21.5988, -50.717, 
29.1679, -36.0645, -28.1523, 27.7216, -20.9128, -51.2344, 
28.9085, -35.7424, -28.1043, 27.4243, -20.2268, -51.7518, 
28.6492, -35.4202, -28.0564, 27.1271, -19.5409, -52.2692, 
28.3898, -35.098, -28.0085, 26.8298, -18.8549, -52.7867, 
28.1305, -34.7759, -27.9606, 26.5326, -18.1689, -53.3041, 
27.8711, -34.4537, -27.9127, 26.2353, -17.4829, -53.8215, 
27.6118, -34.1315, -27.8648, 25.938, -16.7969, -54.3389, 
27.3524, -33.8094, -27.8169, 25.6408, -16.111, -54.8563, 
27.0931, -33.4872, -27.769, 25.3435, -15.425, -55.3737, 
26.8337, -33.165, -27.7211, 25.0462, -14.739, -55.8911, 
26.5744, -32.8429, -27.6731, 24.749, -14.053, -56.4086, 
26.315, -32.5207, -27.6252, 24.4517, -13.367, -56.926, 
26.0557, -32.1985, -27.5773, 24.1544, -12.6811, -57.4434, 
25.7964, -31.8764, -27.5294, 23.8572, -11.9951, -57.9608, 
25.537, -31.5542, -27.4815, 23.5599, -11.3091, -58.4782, 
25.2777, -31.2321, -27.4336, 23.2627, -10.6231, -58.9956, 
25.0183, -30.9099, -27.3857, 22.9654, -9.93712, -59.513, 
24.759, -30.5877, -27.3378, 22.6681, -9.25114, -60.0305, 
24.4996, -30.2656, -27.2899, 22.3709, -8.56516, -60.5479, 
24.2403, -29.9434, -27.242, 22.0736, -7.87918, -61.0653, 
23.9809, -29.6212, -27.194, 21.7763, -7.1932, -61.5827, 
23.7216, -29.2991, -27.1461, 21.4791, -6.50722, -62.1001, 
23.4622, -28.9769, -27.0982, 21.1818, -5.82123, -62.6175, 
23.2029, -28.6547, -27.0503, 20.8846, -5.13525, -63.1349, 
22.9435, -28.3326, -27.0024, 20.5873, -4.44927, -63.6524, 
22.6842, -28.0104, -26.9545, 20.29, -3.76329, -64.1698, 
22.4249, -27.6882, -26.9066, 19.9928, -3.07731, -64.6872, 
22.1655, -27.3661, -26.8587, 19.6955, -2.39133, -65.2046, 
21.9062, -27.0439, -26.8108, 19.3982, -1.70535, -65.722, 
21.6468, -26.7217, -26.7628, 19.101, -1.01936, -66.2394, 
21.3875, -26.3996, -26.7149, 18.8037, -0.333382, -66.7569, 
21.1281, -26.0774, -26.667, 18.5064, 0.3526, -67.2743, 
20.8688, -25.7553, -26.6191, 18.2092, 1.03858, -67.7917, 
20.6094, -25.4331, -26.5712, 17.9119, 1.72456, -68.3091, 
20.3501, -25.1109, -26.5233, 17.6147, 2.41054, -68.8265, 
20.0907, -24.7888, -26.4754, 17.3174, 3.09653, -69.3439, 
19.8314, -24.4666, -26.4275, 17.0201, 3.78251, -69.8613, 
19.572, -24.1444, -26.3796, 16.7229, 4.46849, -70.3788, 
19.3127, -23.8223, -26.3317, 16.4256, 5.15447, -70.8962, 
19.0534, -23.5001, -26.2837, 16.1283, 5.84045, -71.4136, 
18.794, -23.1779, -26.2358, 15.8311, 6.52643, -71.931, 
18.5347, -22.8558, -26.1879, 15.5338, 7.21242, -72.4484, 
18.2753, -22.5336, -26.14, 15.2366, 7.8984, -72.9658, 
18.016, -22.2114, -26.0921, 14.9393, 8.58438, -73.4832, 
17.7566, -21.8893, -26.0442, 14.642, 9.27036, -74.0007, 
17.4973, -21.5671, -25.9963, 14.3448, 9.95634, -74.5181, 
17.2379, -21.2449, -25.9484, 14.0475, 10.6423, -75.0355, 
16.9786, -20.9228, -25.9005, 13.7502, 11.3283, -75.5529, 
16.7192, -20.6006, -25.8525, 13.453, 12.0143, -76.0703, 
16.4599, -20.2785, -25.8046, 13.1557, 12.7003, -76.5877, 
16.2005, -19.9563, -25.7567, 12.8584, 13.3862, -77.1051, 
15.9412, -19.6341, -25.7088, 12.5612, 14.0722, -77.6226, 
15.6819, -19.312, -25.6609, 12.2639, 14.7582, -78.14, 
15.4225, -18.9898, -25.613, 11.9667, 15.4442, -78.6574, 
15.1632, -18.6676, -25.5651, 11.6694, 16.1302, -79.1748, 
14.9038, -18.3455, -25.5172, 11.3721, 16.8162, -79.6922, 
14.6445, -18.0233, -25.4693, 11.0749, 17.5021, -80.2096, 
14.3851, -17.7011, -25.4213, 10.7776, 18.1881, -80.727, 
14.1258, -17.379, -25.3734, 10.4803, 18.8741, -81.2445, 
13.8664, -17.0568, -25.3255, 10.1831, 19.5601, -81.7619, 
13.6071, -16.7346, -25.2776, 9.88582, 20.2461, -82.2793, 
13.3477, -16.4125, -25.2297, 9.58855, 20.932, -82.7967, 
13.0884, -16.0903, -25.1818, 9.29129, 21.618, -83.3141, 
12.829, -15.7681, -25.1339, 8.99403, 22.304, -83.8315, 
12.5697, -15.446, -25.086, 8.69676, 22.99, -84.349, 
12.3104, -15.1238, -25.0381, 8.3995, 23.676, -84.8664, 
12.051, -14.8017, -24.9902, 8.10224, 24.362, -85.3838, 
11.7917, -14.4795, -24.9422, 7.80497, 25.0479, -85.9012, 
11.5323, -14.1573, -24.8943, 7.50771, 25.7339, -86.4186, 
11.8761, -14.6184, -24.6846, 7.22391, 26.294, -86.8992, 
11.6784, -14.3779, -24.8126, 6.82578, 26.4148, -87.7439, 
11.2652, -14.8812, -24.4601, 6.44351, 26.8811, -88.0408, 
11.8311, -15.0645, -24.5856, 5.99236, 27.4814, -88.2986, 
11.4316, -14.9068, -24.7347, 6.01761, 28.0725, -88.9645, 
11.3588, -14.491, -24.9595, 5.71573, 28.8091, -89.3354, 
11.7464, -15.0749, -24.7291, 5.38037, 29.3891, -89.4179, 
12, -15, -25, 5, 30, -90, 
32.4118, -38.5317, -24.8596, 32.1854, -29.6305, -40.4539, 
32.531, -38.8734, -25.3015, 31.964, -29.5365, -41.2388, 
32.6502, -39.2151, -25.7433, 31.7427, -29.4425, -42.0236, 
32.7694, -39.5568, -26.1852, 31.5213, -29.3485, -42.8084, 
32.8886, -39.8985, -26.6271, 31.3, -29.2545, -43.5933, 
32.9247, -40.1968, -27.0996, 31.0912, -29.1003, -44.3801, 
32.6881, -39.8685, -26.999, 30.7755, -28.3979, -44.8629, 
32.4516, -39.5402, -26.8984, 30.4599, -27.6955, -45.3456, 
32.215, -39.2119, -26.7978, 30.1442, -26.993, -45.8284, 
31.9785, -38.8836, -26.6972, 29.8285, -26.2906, -46.3112, 
31.742, -38.5553, -26.5967, 29.5128, -25.5882, -46.794, 
31.5054, -38.2269, -26.4961, 29.1971, -24.8858, -47.2768, 
31.2689, -37.8986, -26.3955, 28.8815, -24.1833, -47.7596, 
31.0324, -37.5703, -26.2949, 28.5658, -23.4809, -48.2424, 
30.7958, -37.242, -26.1943, 28.2501, -22.7785, -48.7252, 
30.5593, -36.9137, -26.0937, 27.9344, -22.0761, -49.208, 
30.3227, -36.5854, -25.9931, 27.6187, -21.3736, -49.6908, 
30.0862, -36.2571, -25.8925, 27.3031, -20.6712, -50.1736, 
29.8497, -35.9288, -25.7919, 26.9874, -19.9688, -50.6564, 
29.6131, -35.6005, -25.6913, 26.6717, -19.2664, -51.1392, 
29.3766, -35.2721, -25.5907, 26.356, -18.5639, -51.6219, 
29.1401, -34.9438, -25.4901, 26.0403, -17.8615, -52.1047, 
28.9035, -34.6155, -25.3895, 25.7247, -17.1591, -52.5875, 
28.667, -34.2872, -25.2889, 25.409, -16.4567, -53.0703, 
28.4305, -33.9589, -25.1883, 25.0933, -15.7542, -53.5531, 
28.1939, -33.6306, -25.0877, 24.7776, -15.0518, -54.0359, 
27.9574, -33.3023, -24.9871, 24.4619, -14.3494, -54.5187, 
27.7208, -32.974, -24.8865, 24.1463, -13.647, -55.0015, 
27.4843, -32.6457, -24.7859, 23.8306, -12.9445, -55.4843, 
27.2478, -32.3173, -24.6853, 23.5149, -12.2421, -55.9671, 
27.0112, -31.989, -24.5847, 23.1992, -11.5397, -56.4499, 
26.7747, -31.6607, -24.4841, 22.8835, -10.8373, -56.9327, 
26.5382, -31.3324, -24.3835, 22.5679, -10.1349, -57.4155, 
26.3016, -31.0041, -24.2829, 22.2522, -9.43243, -57.8982, 
26.0651, -30.6758, -24.1823, 21.9365, -8.73, -58.381, 
25.8285, -30.3475, -24.0818, 21.6208, -8.02758, -58.8638, 
25.592, -30.0192, -23.9812, 21.3051, -7.32515, -59.3466, 
25.3555, -29.6908, -23.8806, 20.9895, -6.62273, -59.8294, 
25.1189, -29.3625, -23.78, 20.6738, -5.9203, -60.3122, 
24.8824, -29.0342, -23.6794, 20.3581, -5.21788, -60.795, 
24.6459, -28.7059, -23.5788, 20.0424, -4.51546, -61.2778, 
24.4093, -28.3776, -23.4782, 19.7267, -3.81303, -61.7606, 
24.1728, -28.0493, -23.3776, 19.4111, -3.11061, -62.2434, 
23.9363, -27.721, -23.277, 19.0954, -2.40818, -62.7262, 
23.6997, -27.3927, -23.1764, 18.7797, -1.70576, -63.209, 
23.4632, -27.0644, -23.0758, 18.464, -1.00333, -63.6918, 
23.2266, -26.736, -22.9752, 18.1483, -0.300909, -64.1745, 
22.9901, -26.4077, -22.8746, 17.8327, 0.401516, -64.6573, 
22.7536, -26.0794, -22.774, 17.517, 1.10394, -65.1401, 
22.517, -25.7511, -22.6734, 17.2013, 1.80636, -65.6229, 
22.2805, -25.4228, -22.5728, 16.8856, 2.50879, -66.1057, 
22.044, -25.0945, -22.4722, 16.5699, 3.21121, -66.5885, 
21.8074, -24.7662, -22.3716, 16.2543, 3.91364, -67.0713, 
21.5709, -24.4379, -22.271, 15.9386, 4.61606, -67.5541, 
21.3343, -24.1096, -22.1704, 15.6229, 5.31849, -68.0369, 
21.0978, -23.7812, -22.0698, 15.3072, 6.02091, -68.5197, 
20.8613, -23.4529, -21.9692, 14.9915, 6.72334, -69.0025, 
20.6247, -23.1246, -21.8686, 14.6759, 7.42576, -69.4853, 
20.3882, -22.7963, -21.768, 14.3602, 8.12818, -69.9681, 
20.1517, -22.468, -21.6674, 14.0445, 8.83061, -70.4508, 
19.9151, -22.1397, -21.5669, 13.7288, 9.53303, -70.9336, 
19.6786, -21.8114, -21.4663, 13.4131, 10.2355, -71.4164, 
19.442, -21.4831, -21.3657, 13.0975, 10.9379, -71.8992, 
19.2055, -21.1548, -21.2651, 12.7818, 11.6403, -72.382, 
18.969, -20.8264, -21.1645, 12.4661, 12.3427, -72.8648, 
18.7324, -20.4981, -21.0639, 12.1504, 13.0452, -73.3476, 
18.4959, -20.1698, -20.9633, 11.8347, 13.7476, -73.8304, 
18.2594, -19.8415, -20.8627, 11.5191, 14.45, -74.3132, 
18.0228, -19.5132, -20.7621, 11.2034, 15.1524, -74.796, 
17.7863, -19.1849, -20.6615, 10.8877, 15.8549, -75.2788, 
17.5498, -18.8566, -20.5609, 10.572, 16.5573, -75.7616, 
17.3132, -18.5283, -20.4603, 10.2563, 17.2597, -76.2444, 
17.0767, -18.1999, -20.3597, 9.94065, 17.9621, -76.7271, 
16.8401, -17.8716, -20.2591, 9.62497, 18.6646, -77.2099, 
16.6036, -17.5433, -20.1585, 9.30929, 19.367, -77.6927, 
16.3671, -17.215, -20.0579, 8.99361, 20.0694, -78.1755, 
16.1305, -16.8867, -19.9573, 8.67793, 20.7718, -78.6583, 
15.894, -16.5584, -19.8567, 8.36225, 21.4742, -79.1411, 
15.6575, -16.2301, -19.7561, 8.04657, 22.1767, -79.6239, 
15.4209, -15.9018, -19.6555, 7.73089, 22.8791, -80.1067, 
15.1844, -15.5735, -19.5549, 7.41521, 23.5815, -80.5895, 
14.9478, -15.2451, -19.4543, 7.09953, 24.2839, -81.0723, 
14.7113, -14.9168, -19.3537, 6.78385, 24.9864, -81.5551, 
14.4748, -14.5885, -19.2531, 6.46817, 25.6888, -82.0379, 
14.2382, -14.2602, -19.1525, 6.15249, 26.3912, -82.5207, 
14.0017, -13.9319, -19.052, 5.83681, 27.0936, -83.0034, 
13.7652, -13.6036, -18.9514, 5.52113, 27.7961, -83.4862, 
13.5286, -13.2753, -18.8508, 5.20545, 28.4985, -83.969, 
13.5821, -13.3128, -19.5604, 5.00082, 28.3812, -84.6297, 
13.777, -13.4103, -19.904, 4.85677, 28.748, -85.4539, 
13.4987, -13.8429, -20.145, 5.25072, 29.1708, -86.0399, 
13.2516, -14.5509, -20.5472, 5.55339, 29.2436, -86.4628, 
13.5268, -14.3574, -21.0152, 5.82503, 29.1725, -87.2302, 
13.3596, -14.8061, -21.5864, 5.30529, 28.8126, -87.4418, 
12.923, -14.7315, -22.3301, 5.46126, 28.7087, -87.9062, 
13.2192, -14.8876, -22.9949, 5.57147, 28.9531, -88.5178, 
12.9161, -15.2775, -23.8312, 5.57593, 29.1794, -88.5922, 
12.8709, -14.7742, -24.4096, 5.33497, 29.6192, -88.9905, 
12.4614, -15.3922, -24.577, 4.86927, 29.9, -89.3463, 
12, -15, -25, 5, 30, -90, 
32.5176, -38.6967, -27.8965, 32.246, -29.4382, -41.7274, 
32.6843, -39.2203, -28.2181, 32.0296, -29.5332, -42.4615, 
32.8509, -39.7438, -28.5397, 31.8133, -29.6283, -43.1956, 
33.0134, -40.2837, -28.8393, 31.6059, -29.7114, -43.932, 
32.7849, -39.9583, -28.8242, 31.2957, -29.0445, -44.4804, 
32.5211, -39.6416, -28.7736, 30.9814, -28.3399, -44.9623, 
32.2573, -39.3248, -28.723, 30.6671, -27.6353, -45.4442, 
31.9934, -39.0081, -28.6723, 30.3528, -26.9307, -45.9261, 
31.7296, -38.6913, -28.6217, 30.0385, -26.226, -46.408, 
31.4658, -38.3745, -28.5711, 29.7242, -25.5214, -46.8899, 
31.202, -38.0578, -28.5205, 29.4099, -24.8168, -47.3718, 
30.9381, -37.741, -28.4698, 29.0956, -24.1122, -47.8537, 
30.6743, -37.4242, -28.4192, 28.7813, -23.4076, -48.3356, 
30.4105, -37.1075, -28.3686, 28.467, -22.7029, -48.8174, 
30.1467, -36.7907, -28.3179, 28.1527, -21.9983, -49.2993, 
29.8829, -36.4739, -28.2673, 27.8384, -21.2937, -49.7812, 
29.619, -36.1572, -28.2167, 27.5242, -20.5891, -50.2631, 
29.3552, -35.8404, -28.1661, 27.2099, -19.8845, -50.745, 
29.0914, -35.5236, -28.1154, 26.8956, -19.1798, -51.2269, 
28.8276, -35.2069, -28.0648, 26.5813, -18.4752, -51.7088, 
28.5638, -34.8901, -28.0142, 26.267, -17.7706, -52.1907, 
28.2999, -34.5734, -27.9636, 25.9527, -17.066, -52.6726, 
28.0361, -34.2566, -27.9129, 25.6384, -16.3613, -53.1545, 
27.7723, -33.9398, -27.8623, 25.3241, -15.6567, -53.6364, 
27.5085, -33.6231, -27.8117, 25.0098, -14.9521, -54.1183, 
27.2446, -33.3063, -27.7611, 24.6955, -14.2475, -54.6002, 
26.9808, -32.9895, -27.7104, 24.3812, -13.5429, -55.0821, 
26.717, -32.6728, -27.6598, 24.0669, -12.8382, -55.564, 
26.4532, -32.356, -27.6092, 23.7526, -12.1336, -56.0459, 
26.1894, -32.0392, -27.5585, 23.4383, -11.429, -56.5278, 
25.9255, -31.7225, -27.5079, 23.124, -10.7244, -57.0097, 
25.6617, -31.4057, -27.4573, 22.8097, -10.0197, -57.4916, 
25.3979, -31.0889, -27.4067, 22.4954, -9.31513, -57.9734, 
25.1341, -30.7722, -27.356, 22.1811, -8.61051, -58.4553, 
24.8703, -30.4554, -27.3054, 21.8668, -7.90588, -58.9372, 
24.6064, -30.1387, -27.2548, 21.5525, -7.20126, -59.4191, 
24.3426, -29.8219, -27.2042, 21.2383, -6.49664, -59.901, 
24.0788, -29.5051, -27.1535, 20.924, -5.79202, -60.3829, 
23.815, -29.1884, -27.1029, 20.6097, -5.0874, -60.8648, 
23.5511, -28.8716, -27.0523, 20.2954, -4.38277, -61.3467, 
23.2873, -28.5548, -27.0017, 19.9811, -3.67815, -61.8286, 
23.0235, -28.2381, -26.951, 19.6668, -2.97353, -62.3105, 
22.7597, -27.9213, -26.9004, 19.3525, -2.26891, -62.7924, 
22.4959, -27.6045, -26.8498, 19.0382, -1.56429, -63.2743, 
22.232, -27.2878, -26.7991, 18.7239, -0.859666, -63.7562, 
21.9682, -26.971, -26.7485, 18.4096, -0.155044, -64.2381, 
21.7044, -26.6542, -26.6979, 18.0953, 0.549577, -64.72, 
21.4406, -26.3375, -26.6473, 17.781, 1.2542, -65.2019, 
21.1767, -26.0207, -26.5966, 17.4667, 1.95882, -65.6838, 
20.9129, -25.704, -26.546, 17.1524, 2.66344, -66.1657, 
20.6491, -25.3872, -26.4954, 16.8381, 3.36806, -66.6475, 
20.3853, -25.0704, -26.4448, 16.5238, 4.07269, -67.1294, 
20.1215, -24.7537, -26.3941, 16.2095, 4.77731, -67.6113, 
19.8576, -24.4369, -26.3435, 15.8952, 5.48193, -68.0932, 
19.5938, -24.1201, -26.2929, 15.5809, 6.18655, -68.5751, 
19.33, -23.8034, -26.2423, 15.2667, 6.89117, -69.057, 
19.0662, -23.4866, -26.1916, 14.9524, 7.5958, -69.5389, 
18.8024, -23.1698, -26.141, 14.6381, 8.30042, -70.0208, 
18.5385, -22.8531, -26.0904, 14.3238, 9.00504, -70.5027, 
18.2747, -22.5363, -26.0397, 14.0095, 9.70966, -70.9846, 
18.0109, -22.2195, -25.9891, 13.6952, 10.4143, -71.4665, 
17.7471, -21.9028, -25.9385, 13.3809, 11.1189, -71.9484, 
17.4832, -21.586, -25.8879, 13.0666, 11.8235, -72.4303, 
17.2194, -21.2693, -25.8372, 12.7523, 12.5281, -72.9122, 
16.9556, -20.9525, -25.7866, 12.438, 13.2328, -73.3941, 
16.6918, -20.6357, -25.736, 12.1237, 13.9374, -73.876, 
16.428, -20.319, -25.6854, 11.8094, 14.642, -74.3579, 
16.1641, -20.0022, -25.6347, 11.4951, 15.3466, -74.8398, 
15.9003, -19.6854, -25.5841, 11.1808, 16.0513, -75.3217, 
15.6365, -19.3687, -25.5335, 10.8665, 16.7559, -75.8035, 
15.3727, -19.0519, -25.4829, 10.5522, 17.4605, -76.2854, 
15.1089, -18.7351, -25.4322, 10.2379, 18.1651, -76.7673, 
14.845, -18.4184, -25.3816, 9.92364, 18.8697, -77.2492, 
14.5812, -18.1016, -25.331, 9.60934, 19.5744, -77.7311, 
14.3174, -17.7848, -25.2803, 9.29505, 20.279, -78.213, 
14.0536, -17.4681, -25.2297, 8.98075, 20.9836, -78.6949, 
13.7897, -17.1513, -25.1791, 8.66646, 21.6882, -79.1768, 
13.5259, -16.8346, -25.1285, 8.35216, 22.3929, -79.6587, 
13.2621, -16.5178, -25.0778, 8.03787, 23.0975, -80.1406, 
12.9983, -16.201, -25.0272, 7.72357, 23.8021, -80.6225, 
12.7345, -15.8843, -24.9766, 7.40928, 24.5067, -81.1044, 
12.4706, -15.5675, -24.926, 7.09498, 25.2113, -81.5863, 
12.2068, -15.2507, -24.8753, 6.78069, 25.916, -82.0682, 
11.943, -14.934, -24.8247, 6.46639, 26.6206, -82.5501, 
11.6792, -14.6172, -24.7741, 6.1521, 27.3252, -83.032, 
11.4154, -14.3004, -24.7234, 5.83781, 28.0298, -83.5139, 
11.4557, -13.9535, -25.1576, 5.96763, 28.6454, -84.0558, 
11.9928, -13.9897, -25.4951, 5.81386, 28.5185, -84.8019, 
12.2069, -14.2478, -25.5472, 5.85677, 28.5763, -85.7398, 
12.6116, -14.341, -25.642, 5.61074, 29.1465, -86.3977, 
12.2764, -14.7281, -25.7114, 5.09942, 29.5388, -86.9613, 
12.4861, -14.3212, -25.4797, 5.06161, 30.0896, -87.6185, 
12.4253, -14.5298, -25.7386, 4.74217, 30.5448, -88.3778, 
12.7151, -14.0204, -25.5932, 4.91118, 30.2928, -89.1149, 
12.442, -14.5367, -25.2067, 5.50611, 30.1426, -89.4796, 
12, -15, -25, 5, 30, -90, 
40, -50, -30, 40, -50, -30, 
39.7558, -49.6901, -29.9518, 39.6966, -49.3082, -30.521, 
39.5117, -49.3803, -29.9036, 39.3933, -48.6164, -31.0419, 
39.2675, -49.0704, -29.8553, 39.0899, -47.9245, -31.5629, 
39.0234, -48.7606, -29.8071, 38.7866, -47.2327, -32.0839, 
38.7792, -48.4507, -29.7589, 38.4832, -46.5409, -32.6049, 
38.535, -48.1409, -29.7107, 38.1799, -45.8491, -33.1258, 
38.2909, -47.831, -29.6624, 37.8765, -45.1572, -33.6468, 
38.0467, -47.5212, -29.6142, 37.5732, -44.4654, -34.1678, 
37.8026, -47.2113, -29.566, 37.2698, -43.7736, -34.6887, 
37.5584, -46.9015, -29.5178, 36.9665, -43.0818, -35.2097, 
37.6942, -46.3044, -29.5409, 37.0796, -42.3241, -35.0157, 
37.2716, -46.5732, -29.1009, 36.9807, -41.7624, -34.5358, 
37.4027, -46.5807, -29.2328, 36.5251, -41.1596, -33.9078, 
37.18, -46.2104, -28.7744, 36.6389, -40.4647, -33.5801, 
37.2194, -46.3722, -28.3022, 36.6828, -39.7334, -34.0413, 
36.6028, -45.9561, -28.3285, 36.7013, -39.086, -33.8788, 
36.0814, -45.2494, -28.2128, 36.476, -38.7383, -34.0879, 
35.642, -44.7022, -28.2454, 36.3551, -38.042, -34.1718, 
34.7895, -44.756, -27.9708, 36.699, -38.1891, -34.4064, 
34.2367, -44.5046, -27.4754, 36.6227, -37.6052, -34.6036, 
34.209, -44.1536, -26.9083, 36.3239, -36.9318, -34.4949, 
34.3905, -44.3964, -26.936, 36.4233, -36.1873, -33.9091, 
34.756, -43.7311, -26.5214, 36.059, -35.8781, -33.7558, 
34.4439, -43.2472, -26.9735, 36.0586, -35.6099, -33.1296, 
34.395, -42.6669, -26.3688, 35.6447, -35.2656, -33.0566, 
34.7381, -41.9038, -25.9716, 35.7148, -34.9739, -32.8279, 
34.0714, -41.5734, -26.01, 35.8439, -34.8468, -32.1861, 
33.6026, -41.4773, -26.1484, 35.0996, -34.4784, -32.4355, 
33.8169, -41.1727, -25.7048, 34.6563, -33.8017, -32.5354, 
33.5352, -40.6014, -25.2644, 34.1236, -33.4841, -32.6611, 
33.6723, -39.9497, -24.8015, 33.9244, -33.0433, -32.9901, 
33.8836, -40.3323, -24.3602, 33.5602, -32.4002, -33.2507, 
33.2475, -40.3407, -24.6057, 33.3907, -31.6952, -33.3476, 
33.4577, -40.0472, -24.4561, 33.1697, -30.9096, -32.9217, 
33.8085, -39.4891, -24.5782, 32.7957, -30.3106, -32.6942, 
33.961, -39.7222, -23.9211, 32.1856, -30.4237, -32.3692, 
33.8678, -39.2459, -23.3669, 32.3109, -29.7898, -32.1695, 
34.165, -38.5397, -23.2194, 32.0966, -29.3043, -31.8385, 
33.5518, -38.346, -22.7964, 31.8939, -28.8867, -31.4004, 
32.9703, -37.8082, -22.7974, 31.7663, -28.3321, -31.6215, 
33.1551, -37.5326, -22.0537, 31.3195, -28.1717, -31.2877, 
32.9952, -37.6889, -21.5454, 31.1947, -27.5704, -30.7269, 
32.9182, -37.6433, -21.0441, 31.5374, -27.0038, -30.1771, 
33.166, -37.8467, -21.2452, 31.0281, -26.6357, -29.4974, 
33.2727, -37.3366, -20.9965, 30.8075, -26.0406, -28.9838, 
33.2707, -36.9634, -20.6756, 30.6306, -25.7623, -28.1782, 
33.5168, -36.3299, -21.0912, 30.8054, -25.2541, -27.9014, 
33.347, -36.1221, -20.7748, 30.7832, -24.3761, -28.139, 
33.2542, -35.4372, -20.4984, 30.6721, -23.757, -28.3634, 
33.1343, -35.2334, -20.2468, 30.1177, -23.1132, -27.9647, 
32.9749, -34.5428, -20.3072, 29.4623, -23.016, -28.1992, 
32.7233, -33.8898, -19.9341, 29.7574, -22.7442, -27.7407, 
32.5404, -32.9813, -20.0357, 29.751, -22.8811, -27.406, 
32.5088, -32.3264, -19.4083, 30.1639, -22.8053, -27.4241, 
32.3296, -31.5, -19.1377, 29.7772, -22.5825, -27.3124, 
32.1219, -31.7301, -18.5419, 29.545, -21.8985, -27.1473, 
31.6135, -32.0491, -17.98, 29.6304, -21.7024, -26.6197, 
31.9567, -32.026, -17.6853, 29.6937, -21.0847, -25.9799, 
32.1734, -31.5432, -18.0541, 29.7046, -20.7096, -25.3144, 
32.515, -31.2305, -18.3615, 29.3729, -20.0259, -24.9773, 
32.4218, -30.5606, -17.9528, 28.8984, -19.6537, -24.8681, 
31.8246, -30.3086, -17.5665, 28.3343, -19.3197, -24.8383, 
32.1233, -29.754, -17.0771, 27.8464, -19.664, -24.7542, 
32.3184, -29.3574, -16.9692, 27.2724, -19.0912, -25.1223, 
32.4274, -29.1497, -16.694, 27.2594, -18.1718, -24.9679, 
32.5142, -28.7562, -16.1353, 26.9543, -17.7415, -24.4707, 
32.6419, -28.1296, -16.3901, 27.0862, -17.0493, -24.6426, 
32.1326, -27.6537, -16.3427, 26.6106, -16.945, -24.1184, 
31.8915, -27.4794, -16.4333, 26.3477, -16.3747, -24.8317, 
31.6505, -27.3051, -16.5239, 26.0848, -15.8043, -25.545, 
31.4095, -27.1308, -16.6146, 25.8218, -15.2339, -26.2584, 
31.5331, -26.7506, -16.8701, 26.2304, -14.5159, -25.9546, 
31.9999, -26.8897, -16.4201, 26.1126, -13.9856, -26.4694, 
31.7479, -26.7061, -16.509, 25.8399, -13.4175, -27.175, 
31.496, -26.5225, -16.5979, 25.5673, -12.8494, -27.8807, 
31.2441, -26.3388, -16.6868, 25.2946, -12.2814, -28.5863, 
30.6423, -26.7499, -16.6472, 25.081, -11.7637, -28.9783, 
30.391, -26.5454, -16.7278, 24.7982, -11.1943, -29.6743, 
30.1396, -26.3408, -16.8083, 24.5155, -10.6249, -30.3702, 
29.8883, -26.1363, -16.8888, 24.2327, -10.0555, -31.0661, 
29.2955, -25.506, -16.6536, 23.9021, -10.1266, -31.3517, 
29.2555, -25.0795, -16.075, 24.2123, -9.58975, -31.0396, 
29.8787, -25.9839, -16.6768, 23.6239, -9.57158, -31.3235, 
29.2505, -25.2464, -16.5339, 23.7861, -9.6802, -31.2699, 
29.3322, -25.7179, -16.7513, 23.9968, -10.491, -31.4185, 
29.4139, -26.1893, -16.9687, 24.2075, -11.3017, -31.567, 
29.4956, -26.6608, -17.1861, 24.4182, -12.1125, -31.7156, 
29.5774, -27.1322, -17.4035, 24.6289, -12.9232, -31.8642, 
29.6591, -27.6037, -17.6209, 24.8396, -13.734, -32.0127, 
29.7408, -28.0751, -17.8383, 25.0503, -14.5447, -32.1613, 
29.8225, -28.5466, -18.0557, 25.261, -15.3555, -32.3098, 
29.9042, -29.018, -18.2731, 25.4717, -16.1663, -32.4584, 
29.9859, -29.4895, -18.4905, 25.6824, -16.977, -32.607, 
30.0676, -29.9609, -18.708, 25.8931, -17.7878, -32.7555, 
30.1494, -30.4324, -18.9254, 26.1038, -18.5985, -32.9041, 
30.2311, -30.9038, -19.1428, 26.3145, -19.4093, -33.0526, 
30.3128, -31.3753, -19.3602, 26.5252, -20.22, -33.2012, 
30.3945, -31.8467, -19.5776, 26.7359, -21.0308, -33.3498, 
30.4762, -32.3182, -19.795, 26.9466, -21.8415, -33.4983, 
30.8871, -32.415, -20.3609, 27.5937, -21.564, -33.5747, 
31.3369, -32.2116, -21.0477, 27.8088, -21.8597, -33.9631, 
31.3882, -32.6144, -21.3722, 28.0099, -22.6042, -34.3307, 
31.3631, -33.0557, -21.7347, 28.1426, -22.956, -35.0599, 
31.338, -33.497, -22.0972, 28.2752, -23.3078, -35.7892, 
31.3129, -33.9384, -22.4597, 28.4078, -23.6596, -36.5185, 
31.2879, -34.3797, -22.8222, 28.5404, -24.0114, -37.2477, 
31.5296, -35.0728, -23.0597, 28.5913, -23.9196, -37.8752, 
31.5205, -35.5245, -23.423, 28.7154, -24.2562, -38.6068, 
31.5115, -35.9762, -23.7864, 28.8396, -24.5927, -39.3383, 
31.5025, -36.428, -24.1497, 28.9637, -24.9293, -40.0699, 
31.4935, -36.8797, -24.513, 29.0878, -25.2659, -40.8015, 
31.9918, -36.9807, -25.1685, 29.3318, -25.3622, -41.2944, 
31.8225, -37.6648, -25.8171, 29.4225, -25.4825, -41.5393, 
32.2532, -37.9056, -26.3545, 29.9919, -25.354, -41.8959, 
32.2555, -38.2868, -26.7808, 30.0259, -25.6272, -42.6686, 
32.2579, -38.6681, -27.2072, 30.0599, -25.9004, -43.4412, 
32.2602, -39.0494, -27.6336, 30.0939, -26.1736, -44.2139, 
32.2625, -39.4306, -28.06, 30.1279, -26.4469, -44.9866, 
32.0103, -39.1091, -28.0084, 29.8179, -25.7374, -45.467, 
31.7582, -38.7875, -27.9568, 29.5078, -25.0278, -45.9475, 
31.506, -38.466, -27.9052, 29.1978, -24.3183, -46.4279, 
31.2539, -38.1445, -27.8536, 28.8877, -23.6088, -46.9084, 
31.0017, -37.823, -27.8021, 28.5777, -22.8993, -47.3888, 
30.7495, -37.5014, -27.7505, 28.2676, -22.1897, -47.8692, 
30.4974, -37.1799, -27.6989, 27.9576, -21.4802, -48.3497, 
30.2452, -36.8584, -27.6473, 27.6476, -20.7707, -48.8301, 
29.993, -36.5368, -27.5957, 27.3375, -20.0612, -49.3106, 
29.7409, -36.2153, -27.5441, 27.0275, -19.3517, -49.791, 
29.4887, -35.8938, -27.4926, 26.7174, -18.6421, -50.2714, 
29.2365, -35.5722, -27.441, 26.4074, -17.9326, -50.7519, 
28.9844, -35.2507, -27.3894, 26.0973, -17.2231, -51.2323, 
28.7322, -34.9292, -27.3378, 25.7873, -16.5136, -51.7128, 
28.4801, -34.6076, -27.2862, 25.4772, -15.804, -52.1932, 
28.2279, -34.2861, -27.2346, 25.1672, -15.0945, -52.6736, 
27.9757, -33.9646, -27.1831, 24.8572, -14.385, -53.1541, 
27.7236, -33.6431, -27.1315, 24.5471, -13.6755, -53.6345, 
27.4714, -33.3215, -27.0799, 24.2371, -12.966, -54.1149, 
27.2192, -33, -27.0283, 23.927, -12.2564, -54.5954, 
26.9671, -32.6785, -26.9767, 23.617, -11.5469, -55.0758, 
26.7149, -32.3569, -26.9252, 23.3069, -10.8374, -55.5563, 
26.4627, -32.0354, -26.8736, 22.9969, -10.1279, -56.0367, 
26.2106, -31.7139, -26.822, 22.6868, -9.41834, -56.5171, 
25.9584, -31.3923, -26.7704, 22.3768, -8.70882, -56.9976, 
25.7063, -31.0708, -26.7188, 22.0668, -7.9993, -57.478, 
25.4541, -30.7493, -26.6672, 21.7567, -7.28978, -57.9585, 
25.2019, -30.4277, -26.6157, 21.4467, -6.58025, -58.4389, 
24.9498, -30.1062, -26.5641, 21.1366, -5.87073, -58.9193, 
24.6976, -29.7847, -26.5125, 20.8266, -5.16121, -59.3998, 
24.4454, -29.4631, -26.4609, 20.5165, -4.45169, -59.8802, 
24.1933, -29.1416, -26.4093, 20.2065, -3.74217, -60.3607, 
23.9411, -28.8201, -26.3577, 19.8964, -3.03264, -60.8411, 
23.6889, -28.4986, -26.3062, 19.5864, -2.32312, -61.3215, 
23.4368, -28.177, -26.2546, 19.2764, -1.6136, -61.802, 
23.1846, -27.8555, -26.203, 18.9663, -0.904077, -62.2824, 
22.9325, -27.534, -26.1514, 18.6563, -0.194555, -62.7628, 
22.6803, -27.2124, -26.0998, 18.3462, 0.514967, -63.2433, 
22.4281, -26.8909, -26.0482, 18.0362, 1.22449, -63.7237, 
22.176, -26.5694, -25.9967, 17.7261, 1.93401, -64.2042, 
21.9238, -26.2478, -25.9451, 17.4161, 2.64353, -64.6846, 
21.6716, -25.9263, -25.8935, 17.1061, 3.35306, -65.165, 
21.4195, -25.6048, -25.8419, 16.796, 4.06258, -65.6455, 
21.1673, -25.2832, -25.7903, 16.486, 4.7721, -66.1259, 
20.9151, -24.9617, -25.7388, 16.1759, 5.48162, -66.6064, 
20.663, -24.6402, -25.6872, 15.8659, 6.19114, -67.0868, 
20.4108, -24.3187, -25.6356, 15.5558, 6.90067, -67.5672, 
20.1587, -23.9971, -25.584, 15.2458, 7.61019, -68.0477, 
19.9065, -23.6756, -25.5324, 14.9357, 8.31971, -68.5281, 
19.6543, -23.3541, -25.4808, 14.6257, 9.02923, -69.0086, 
19.4022, -23.0325, -25.4293, 14.3157, 9.73875, -69.489, 
19.15, -22.711, -25.3777, 14.0056, 10.4483, -69.9694, 
18.8978, -22.3895, -25.3261, 13.6956, 11.1578, -70.4499, 
18.6457, -22.0679, -25.2745, 13.3855, 11.8673, -70.9303, 
18.3935, -21.7464, -25.2229, 13.0755, 12.5768, -71.4107, 
18.1413, -21.4249, -25.1713, 12.7654, 13.2864, -71.8912, 
17.8892, -21.1033, -25.1198, 12.4554, 13.9959, -72.3716, 
17.637, -20.7818, -25.0682, 12.1453, 14.7054, -72.8521, 
17.3849, -20.4603, -25.0166, 11.8353, 15.4149, -73.3325, 
17.1327, -20.1387, -24.965, 11.5253, 16.1245, -73.8129, 
16.8805, -19.8172, -24.9134, 11.2152, 16.834, -74.2934, 
16.6284, -19.4957, -24.8618, 10.9052, 17.5435, -74.7738, 
16.3762, -19.1742, -24.8103, 10.5951, 18.253, -75.2543, 
16.124, -18.8526, -24.7587, 10.2851, 18.9625, -75.7347, 
15.8719, -18.5311, -24.7071, 9.97504, 19.6721, -76.2151, 
15.6197, -18.2096, -24.6555, 9.665, 20.3816, -76.6956, 
15.3675, -17.888, -24.6039, 9.35495, 21.0911, -77.176, 
15.1154, -17.5665, -24.5524, 9.04491, 21.8006, -77.6565, 
14.8632, -17.245, -24.5008, 8.73487, 22.5102, -78.1369, 
14.6111, -16.9234, -24.4492, 8.42482, 23.2197, -78.6173, 
14.3589, -16.6019, -24.3976, 8.11478, 23.9292, -79.0978, 
14.1067, -16.2804, -24.346, 7.80473, 24.6387, -79.5782, 
13.8546, -15.9588, -24.2944, 7.49469, 25.3482, -80.0587, 
13.6024, -15.6373, -24.2429, 7.18465, 26.0578, -80.5391, 
13.3502, -15.3158, -24.1913, 6.8746, 26.7673, -81.0195, 
13.0981, -14.9943, -24.1397, 6.56456, 27.4768, -81.5, 
12.8459, -14.6727, -24.0881, 6.25451, 28.1863, -81.9804, 
12.5937, -14.3512, -24.0365, 5.94447, 28.8959, -82.4608, 
12.3416, -14.0297, -23.9849, 5.63442, 29.6054, -82.9413, 
11.8796, -14.2222, -23.3575, 6.02533, 29.8847, -83.2948, 
11.394, -14.5406, -23.7762, 6.28656, 29.7099, -83.9183, 
11.2746, -14.3951, -24.1408, 6.03087, 29.369, -84.7245, 
11.4386, -14.4413, -24.1853, 6.56766, 30.0077, -85.2469, 
11.8024, -14.1653, -24.6933, 6.55859, 30.0267, -85.977, 
11.6545, -14.7308, -24.3641, 6.0988, 29.9422, -86.5527, 
11.3263, -15.0174, -24.2681, 5.89196, 29.6436, -87.3706, 
11.5135, -14.7635, -24.2701, 5.39071, 29.8718, -88.1433, 
11.8308, -14.53, -24.0537, 5.33881, 29.4754, -88.9422, 
11.9642, -14.421, -24.4628, 5.16714, 29.4389, -89.8209, 
12, -15, -25, 5, 30, -90, 
25, -30, -75, 30, -30, -20, 
24.5995, -29.5364, -74.2769, 30.199, -29.9903, -20.2491, 
24.199, -29.0727, -73.5538, 30.3979, -29.9806, -20.4983, 
23.7985, -28.6091, -72.8307, 30.5969, -29.9709, -20.7474, 
23.3981, -28.1454, -72.1075, 30.7959, -29.9612, -20.9965, 
22.9976, -27.6818, -71.3844, 30.9949, -29.9515, -21.2456, 
22.5971, -27.2181, -70.6613, 31.1938, -29.9418, -21.4948, 
22.1966, -26.7545, -69.9382, 31.3928, -29.9321, -21.7439, 
21.7961, -26.2908, -69.2151, 31.5918, -29.9223, -21.993, 
21.3956, -25.8272, -68.492, 31.7907, -29.9126, -22.2421, 
20.9951, -25.3635, -67.7689, 31.9897, -29.9029, -22.4913, 
20.5947, -24.8999, -67.0458, 32.1887, -29.8932, -22.7404, 
20.1942, -24.4362, -66.3226, 32.3877, -29.8835, -22.9895, 
19.7937, -23.9726, -65.5995, 32.5866, -29.8738, -23.2386, 
19.3932, -23.5089, -64.8764, 32.7856, -29.8641, -23.4878, 
18.9927, -23.0453, -64.1533, 32.9846, -29.8544, -23.7369, 
18.5922, -22.5816, -63.4302, 33.1836, -29.8447, -23.986, 
18.1918, -22.118, -62.7071, 33.3825, -29.835, -24.2352, 
17.7913, -21.6543, -61.984, 33.5815, -29.8253, -24.4843, 
17.3908, -21.1907, -61.2609, 33.7805, -29.8156, -24.7334, 
16.9903, -20.727, -60.5377, 33.9794, -29.8059, -24.9825, 
16.5898, -20.2634, -59.8146, 34.1784, -29.7962, -25.2317, 
16.1893, -19.7997, -59.0915, 34.3774, -29.7865, -25.4808, 
15.7888, -19.3361, -58.3684, 34.5764, -29.7767, -25.7299, 
15.3884, -18.8724, -57.6453, 34.7753, -29.767, -25.979, 
14.9879, -18.4088, -56.9222, 34.9743, -29.7573, -26.2282, 
14.5874, -17.9451, -56.1991, 35.1733, -29.7476, -26.4773, 
14.1869, -17.4815, -55.4759, 35.3722, -29.7379, -26.7264, 
13.7864, -17.0178, -54.7528, 35.5712, -29.7282, -26.9755, 
13.3859, -16.5542, -54.0297, 35.7702, -29.7185, -27.2247, 
12.9854, -16.0905, -53.3066, 35.9692, -29.7088, -27.4738, 
12.585, -15.6269, -52.5835, 36.1681, -29.6991, -27.7229, 
12.1845, -15.1632, -51.8604, 36.3671, -29.6894, -27.9721, 
11.784, -14.6996, -51.1373, 36.5661, -29.6797, -28.2212, 
11.3835, -14.2359, -50.4142, 36.765, -29.67, -28.4703, 
10.983, -13.7723, -49.691, 36.964, -29.6603, -28.7194, 
10.5825, -13.3086, -48.9679, 37.163, -29.6506, -28.9686, 
10.1821, -12.845, -48.2448, 37.362, -29.6408, -29.2177, 
9.78157, -12.3813, -47.5217, 37.5609, -29.6311, -29.4668, 
9.38108, -11.9177, -46.7986, 37.7599, -29.6214, -29.7159, 
8.9806, -11.454, -46.0755, 37.9589, -29.6117, -29.9651, 
8.94505, -11.0556, -45.4872, 37.5359, -29.4398, -29.4307, 
9.11301, -11.3127, -45.0473, 36.9161, -28.8863, -29.5778, 
9.45633, -11.1368, -44.432, 36.3837, -28.7271, -29.1731, 
9.02942, -10.743, -43.6569, 36.5409, -28.6467, -29.3487, 
9.01063, -10.8377, -42.9457, 36.8104, -28.0101, -29.2659, 
9.5514, -10.8306, -42.2616, 36.8289, -28.4579, -29.0692, 
9.12695, -10.4373, -41.4883, 36.9757, -28.3647, -29.2614, 
8.7025, -10.044, -40.715, 37.1224, -28.2715, -29.4535, 
8.53981, -9.65929, -40.2021, 37.2313, -27.5558, -29.6494, 
8.61532, -9.91191, -39.509, 36.8015, -27.0909, -29.4277, 
8.95414, -9.54636, -39.0336, 36.8736, -26.5531, -28.947, 
8.50272, -9.14285, -38.2777, 37.037, -26.4905, -29.1242, 
8.05129, -8.73934, -37.5219, 37.2005, -26.4279, -29.3015, 
8.16248, -8.43575, -36.8264, 36.7123, -26.7364, -29.5814, 
7.70126, -8.04012, -36.0715, 36.8844, -26.6759, -29.7471, 
7.88321, -7.52095, -35.9672, 36.1241, -26.9757, -29.6105, 
7.45137, -7.12009, -35.2093, 36.3159, -26.9289, -29.8094, 
7.01953, -6.71923, -34.4515, 36.5076, -26.8822, -30.0084, 
6.5877, -6.31838, -33.6937, 36.6994, -26.8355, -30.2073, 
6.6922, -5.98984, -33.2511, 36.2714, -26.3092, -29.7329, 
6.2247, -5.60297, -32.4974, 36.4561, -26.2541, -29.8958, 
6.39277, -5.6494, -32.1051, 35.7565, -25.7504, -29.6265, 
5.96553, -5.25078, -31.3384, 35.8915, -25.6349, -29.8247, 
6.33106, -4.94941, -30.9268, 35.717, -25.9444, -29.1319, 
5.85092, -4.55086, -30.1941, 35.914, -25.8886, -29.3104, 
5.37078, -4.15231, -29.4615, 36.1111, -25.8329, -29.4888, 
4.89064, -3.75375, -28.7288, 36.3082, -25.7772, -29.6673, 
4.4105, -3.3552, -27.9961, 36.5053, -25.7214, -29.8457, 
4.62672, -3.38376, -27.1105, 36.2819, -25.3788, -29.8156, 
4.28733, -2.85062, -26.457, 35.9385, -25.5595, -29.6642, 
4.19214, -2.43499, -25.9081, 35.4235, -25.0673, -29.567, 
4.24578, -1.93492, -25.3562, 35.0711, -24.9685, -29.0116, 
4.11916, -1.86901, -25.1872, 34.1985, -25.0684, -28.5879, 
4.48601, -1.46792, -24.7502, 33.6047, -24.6811, -28.6928, 
4.5287, -1.91702, -24.0376, 33.5942, -24.6373, -28.1574, 
4.94722, -2.19443, -23.4213, 33.9707, -25.0827, -27.9903, 
5.11728, -2.845, -22.7789, 33.8658, -24.8909, -27.6948, 
5.65176, -3.1566, -22.4235, 33.3909, -24.515, -28.047, 
5.71702, -3.64418, -22.26, 32.6691, -24.0855, -27.8862, 
6.0726, -3.58912, -21.6534, 32.7052, -23.4513, -28.2008, 
5.65836, -3.39914, -20.9788, 32.7078, -22.8842, -28.0758, 
5.21283, -3.06651, -20.2241, 32.9394, -22.8528, -28.3339, 
4.7673, -2.73387, -19.4693, 33.171, -22.8214, -28.592, 
4.32176, -2.40124, -18.7146, 33.4026, -22.79, -28.8501, 
3.87623, -2.06861, -17.9599, 33.6342, -22.7586, -29.1082, 
3.67407, -1.48005, -17.8412, 33.9028, -22.0602, -28.9115, 
3.24947, -1.16429, -17.0625, 34.1141, -22.0552, -29.1742, 
2.82487, -0.848525, -16.2838, 34.3253, -22.0502, -29.4368, 
2.40026, -0.532763, -15.5051, 34.5366, -22.0451, -29.6995, 
1.97566, -0.217002, -14.7264, 34.7479, -22.0401, -29.9622, 
1.55106, 0.0987598, -13.9478, 34.9592, -22.0351, -30.2249, 
1.12646, 0.414521, -13.1691, 35.1704, -22.0301, -30.4876, 
0.701861, 0.730283, -12.3904, 35.3817, -22.0251, -30.7503, 
0.27726, 1.04604, -11.6117, 35.593, -22.0201, -31.013, 
-0.147341, 1.36181, -10.833, 35.8042, -22.0151, -31.2757, 
-0.559854, 1.67691, -10.0498, 36.0186, -22.0148, -31.5424, 
-0.392533, 1.97748, -9.47419, 35.5639, -22.3414, -31.0556, 
-0.800822, 2.27452, -8.69051, 35.7876, -22.3494, -31.3399, 
-0.707246, 1.95087, -8.29071, 35.0728, -21.9156, -31.5055, 
-0.123768, 2.48398, -8.00597, 34.5593, -21.9293, -31.6798, 
-0.256528, 3.09036, -7.47074, 34.1699, -21.7877, -32.0755, 
-0.667306, 3.36646, -6.68624, 34.4207, -21.8062, -32.3518, 
-0.310444, 3.68703, -5.89739, 34.3, -21.5291, -32.1147, 
-0.71444, 3.94238, -5.11168, 34.5711, -21.5737, -32.3954, 
-0.529378, 4.74083, -4.6225, 34.6877, -21.4557, -32.1476, 
-0.87222, 4.44463, -3.98061, 34.7938, -20.8912, -31.9179, 
-0.430206, 3.98561, -3.86186, 34.9583, -20.2651, -32.3189, 
-0.951576, 3.46144, -3.7418, 34.9787, -19.6315, -32.5117, 
-1.42602, 3.70741, -3.86469, 34.9617, -18.7987, -32.4384, 
-1.81393, 3.90865, -3.06392, 35.2253, -18.9357, -32.7204, 
-2.20184, 4.10989, -2.26314, 35.4888, -19.0727, -33.0025, 
-2.58975, 4.31113, -1.46237, 35.7524, -19.2096, -33.2845, 
-2.97766, 4.51237, -0.661598, 36.016, -19.3466, -33.5666, 
-3.36556, 4.71361, 0.139175, 36.2796, -19.4836, -33.8486, 
-3.75347, 4.91485, 0.939948, 36.5432, -19.6206, -34.1307, 
-4.14138, 5.11609, 1.74072, 36.8068, -19.7575, -34.4127, 
-4.52929, 5.31733, 2.54149, 37.0703, -19.8945, -34.6948, 
-4.9172, 5.51857, 3.34227, 37.3339, -20.0315, -34.9768, 
-5.3051, 5.71981, 4.14304, 37.5975, -20.1685, -35.2589, 
-5.69301, 5.92105, 4.94381, 37.8611, -20.3054, -35.5409, 
-6.08092, 6.12229, 5.74459, 38.1247, -20.4424, -35.823, 
-6.46883, 6.32353, 6.54536, 38.3883, -20.5794, -36.105, 
-6.85674, 6.52477, 7.34613, 38.6518, -20.7164, -36.3871, 
-7.24464, 6.72601, 8.1469, 38.9154, -20.8533, -36.6691, 
-7.63255, 6.92725, 8.94768, 39.179, -20.9903, -36.9512, 
-8.02046, 7.12849, 9.74845, 39.4426, -21.1273, -37.2332, 
-8.40837, 7.32974, 10.5492, 39.7062, -21.2643, -37.5153, 
-8.68554, 7.75447, 10.9584, 40.0513, -20.5904, -37.4697, 
-9.31385, 8.37504, 11.3668, 40.2714, -20.5397, -37.4213, 
-9.94217, 8.9956, 11.7751, 40.4915, -20.4891, -37.373, 
-10.5705, 9.61617, 12.1835, 40.7117, -20.4385, -37.3246, 
-11.1988, 10.2367, 12.5918, 40.9318, -20.3878, -37.2762, 
-11.8271, 10.8573, 13.0002, 41.1519, -20.3372, -37.2279, 
-12.1087, 10.8757, 13.8644, 41.3884, -20.5177, -37.5195, 
-12.3902, 10.8941, 14.7286, 41.6248, -20.6982, -37.8111, 
-12.882, 11.449, 15.2618, 41.875, -20.6581, -38.1301, 
-13.3472, 12.0155, 15.7111, 42.2085, -20.7622, -38.5026, 
-13.1427, 11.4462, 16.4671, 42.2125, -20.987, -38.6125, 
-12.9383, 10.8769, 17.223, 42.2165, -21.2118, -38.7224, 
-12.7338, 10.3075, 17.979, 42.2206, -21.4366, -38.8323, 
-12.5294, 9.73822, 18.7349, 42.2246, -21.6613, -38.9422, 
-12.3249, 9.16891, 19.4909, 42.2287, -21.8861, -39.0521, 
-12.1204, 8.5996, 20.2468, 42.2327, -22.1109, -39.162, 
-11.916, 8.03028, 21.0028, 42.2368, -22.3357, -39.2719, 
-11.7115, 7.46097, 21.7587, 42.2408, -22.5605, -39.3819, 
-11.507, 6.89166, 22.5147, 42.2449, -22.7852, -39.4918, 
-11.3613, 6.43515, 22.5445, 41.9035, -22.5268, -39.4163, 
-11.2934, 6.29689, 23.3044, 42.2491, -23.0201, -39.6066, 
-11.0174, 6.63552, 23.9386, 42.0851, -23.292, -40.1598, 
-10.8037, 7.28284, 24.2856, 42.0858, -23.054, -40.7583, 
-11.3184, 7.25244, 24.8879, 42.1129, -23.2085, -41.3472, 
-11.6487, 7.59043, 25.7071, 42.2837, -23.2157, -41.6235, 
-12.1308, 8.00456, 26.146, 42.3528, -23.5797, -42.1394, 
-12.4207, 8.2483, 27.05, 42.4286, -23.552, -42.3207, 
-12.7106, 8.49205, 27.954, 42.5044, -23.5243, -42.502, 
-12.6004, 8.77358, 28.5708, 42.5237, -24.0144, -43.0382, 
-12.9277, 9.10656, 29.3961, 42.6907, -24.0197, -43.3084, 
-13.2551, 9.43954, 30.2213, 42.8577, -24.0251, -43.5786, 
-13.5825, 9.77251, 31.0466, 43.0246, -24.0304, -43.8489, 
-13.9099, 10.1055, 31.8718, 43.1916, -24.0357, -44.1191, 
-14.2898, 10.4163, 32.5614, 43.2071, -23.7329, -44.5568, 
-15.0515, 10.1863, 32.9266, 43.3816, -23.4226, -44.2301, 
-15.6266, 10.6212, 32.7234, 44.043, -23.4588, -44.2314, 
-15.6639, 10.7711, 33.2399, 44.3811, -23.6979, -44.9647, 
-16.0644, 10.9328, 33.7389, 44.9574, -24.1752, -45.0316, 
-16.6676, 10.6115, 33.9988, 45.2486, -23.7396, -44.5946, 
-17.3363, 10.4308, 34.605, 45.5489, -23.869, -44.3807, 
-17.3792, 10.0258, 35.4944, 45.5859, -24.0029, -44.5347, 
-17.4222, 9.62086, 36.3839, 45.6229, -24.1368, -44.6886, 
-17.4652, 9.21588, 37.2734, 45.6599, -24.2707, -44.8425, 
-17.9367, 9.73531, 37.5595, 45.8157, -24.7488, -45.2587, 
-18.3118, 9.81665, 38.4025, 46.0504, -24.8182, -45.5452, 
-18.7583, 9.67576, 38.5195, 46.5005, -25.3272, -46.0979, 
-18.8402, 9.8983, 38.3496, 46.7348, -25.7914, -46.9007, 
-18.9125, 10.1434, 39.0099, 47.2351, -26.2816, -46.8113, 
-18.9937, 10.7553, 39.7847, 47.3284, -26.3571, -46.7458, 
-19.5552, 11.3003, 40.2899, 47.6136, -26.4555, -46.5419, 
-20.4825, 11.3416, 39.9949, 47.5811, -26.287, -46.3934, 
-21.052, 11.0575, 40.5429, 48.0645, -26.3938, -46.1707, 
-21.4645, 11.3383, 40.6776, 48.7976, -26.253, -46.5896, 
-21.4822, 11.9829, 41.3868, 48.916, -26.0627, -46.7659, 
-22.2769, 12.3637, 41.3603, 48.7616, -25.7042, -46.5005, 
-22.5703, 12.8205, 41.2179, 48.5199, -26.0783, -47.1981, 
-22.5198, 13.6392, 40.8442, 48.446, -25.9538, -46.7899, 
-22.5867, 14.2418, 40.9134, 48.9136, -25.8549, -47.4218, 
-22.8122, 14.7195, 41.3894, 49.3896, -26.0236, -47.911, 
-23.3055, 15.0581, 41.302, 49.8288, -26.5247, -48.3472, 
-23.6609, 15.3699, 41.8744, 50.4367, -26.2582, -48.4385, 
-23.7718, 15.8495, 42.5644, 50.8163, -25.927, -48.2717, 
-24.1384, 16.156, 43.1869, 51.2083, -25.6143, -48.6358, 
-24.5534, 16.823, 43.3055, 50.8684, -25.1611, -48.4167, 
-24.9782, 17.2831, 43.5885, 51.4258, -25.1085, -48.8797, 
-25.4593, 17.5166, 43.2735, 51.4702, -24.6884, -49.5403, 
-25.779, 18.2904, 43.7618, 51.6522, -24.5806, -49.415, 
-25.7965, 18.8944, 43.8419, 51.5559, -24.3396, -50.1641, 
-25.7616, 19.7739, 43.601, 51.3772, -24.3433, -49.7962, 
-26.2177, 20.288, 43.3786, 51.5125, -24.2931, -50.4726, 
-26.2525, 20.951, 43.1447, 51.2693, -23.7554, -50.0774, 
-27.0305, 21.1357, 43.2165, 51.3069, -23.5681, -50.6423, 
-27.7507, 21.1264, 43.4874, 50.8911, -23.2304, -50.2946, 
-27.7921, 21.9112, 43.1172, 50.5767, -22.8841, -50.1317, 
-28.1935, 21.9346, 42.8494, 50.4981, -22.1237, -49.7049, 
-28.2455, 22.8247, 42.5176, 50.403, -21.9948, -49.4417, 
-29.0452, 22.8522, 42.1628, 50.1833, -21.6739, -49.1543, 
-29.6714, 22.8298, 41.6848, 50.0913, -21.0656, -49.135, 
-30.2193, 23.2787, 41.8516, 50.2294, -21.0098, -49.8046, 
-30.8404, 23.1077, 41.7268, 50.9475, -20.7835, -49.755, 
-31.1856, 23.3558, 41.4987, 51.7317, -20.3932, -49.7462, 
-31.3698, 24.2459, 41.7465, 51.9555, -20.2749, -49.5266, 
-32.1126, 24.4405, 42.0709, 51.668, -20.2786, -49.9983, 
-32.3216, 25.2193, 42.3372, 51.8595, -20.216, -50.4866, 
-33.1265, 25.25, 42.1426, 52.3399, -19.9549, -50.6068, 
-33.5807, 26.1029, 42.1279, 52.1597, -20.1375, -50.5878, 
-33.9845, 26.8286, 42.04, 52.5234, -19.7538, -50.7401, 
-34.4449, 27.4845, 41.9298, 53.0178, -19.4699, -50.5973, 
-35.0617, 28.094, 41.9369, 53.317, -19.0901, -50.7169, 
-35.8767, 28.3391, 41.578, 53.0345, -18.9442, -50.5028, 
-36.4464, 29.0112, 41.4835, 52.8446, -18.6014, -50.2556, 
-36.4276, 29.7526, 41.1248, 52.5025, -18.3657, -49.8698, 
-36.0865, 30.5531, 41.0704, 52.2403, -18.7602, -49.7456, 
-35.9737, 31.3533, 40.6831, 52.5643, -18.4646, -49.677, 
-36.4166, 31.8361, 41.1333, 53.1503, -18.3431, -49.5776, 
-37.0507, 32.2685, 41.2227, 53.327, -18.645, -49.048, 
-37.3939, 32.8367, 41.7334, 53.5096, -19.134, -48.8862, 
-37.9948, 32.6342, 41.7135, 53.8486, -19.8004, -48.6901, 
-38.4458, 33.2704, 41.4407, 54.1632, -20.2274, -48.4999, 
-38.8759, 33.6691, 42.2118, 54.3228, -20.1511, -48.6734, 
-38.6176, 34.566, 42.278, 54.2799, -20.5014, -48.6704, 
-38.3442, 34.5272, 42.9064, 54.1851, -20.4984, -49.3915, 
-38.1318, 35.2869, 43.328, 54.6237, -20.4132, -49.3721, 
-37.778, 35.1607, 43.3833, 55.0285, -21.0883, -49.8581, 
-37.4768, 35.0469, 43.2136, 55.7239, -21.5608, -50.259, 
-37.8706, 35.5862, 43.8135, 55.8655, -21.978, -50.2648, 
-37.9758, 36.122, 44.2861, 56.0855, -22.2353, -50.8681, 
-38.4774, 36.4772, 44.8063, 56.2156, -22.3012, -51.4428, 
-38.1467, 37.3814, 44.8485, 56.2898, -22.3542, -51.1918, 
-38.8299, 38.0806, 44.8833, 56.1124, -22.2634, -51.2506, 
-39.2923, 38.7874, 44.9966, 56.4556, -22.6363, -51.3808, 
-39.0755, 39.4163, 45.1316, 56.5164, -22.4345, -52.0843, 
-39.2705, 39.6859, 45.6042, 56.9033, -22.9135, -52.6199, 
-39.5243, 40.0746, 45.9609, 57.2555, -23.2406, -53.2728, 
-39.6852, 40.5545, 46.0542, 57.5201, -23.622, -53.9936, 
-40.072, 40.2431, 45.8199, 57.5772, -23.3044, -54.7646, 
-40.1424, 41.0651, 45.6852, 57.9307, -23.0519, -55.1001, 
-40.2268, 41.1176, 46.2523, 58.2929, -22.8555, -55.8063, 
-40.334, 41.9336, 46.2974, 58.469, -22.923, -56.3403, 
-40.8043, 42.1381, 46.1879, 58.5127, -23.5022, -56.9629, 
-41.0968, 43.0375, 46.3699, 58.7117, -23.5984, -57.1163, 
-41.0855, 43.7415, 46.6914, 59.1003, -23.5487, -57.6137, 
-41.0624, 44.3191, 47.2924, 59.4537, -23.8666, -57.8943, 
-41.3719, 44.5018, 47.1716, 60.2614, -23.6033, -58.2612, 
-41.6167, 44.9451, 46.9494, 60.9583, -24.0281, -58.4287, 
-41.3416, 44.7863, 47.4944, 61.2941, -24.6814, -58.6787, 
-41.5327, 44.9176, 47.428, 61.6526, -25.0007, -59.5221, 
-41.3811, 44.7266, 47.4067, 61.6267, -25.5006, -60.3525, 
-42.0909, 44.6365, 47.4914, 61.5675, -26.1795, -60.481, 
-41.6745, 44.8514, 47.6552, 61.9109, -26.9761, -60.4461, 
-41.9054, 45.3802, 47.5468, 62.7156, -26.9053, -60.4987, 
-42.1191, 46.3004, 47.2816, 62.5428, -26.9155, -60.5835, 
-41.9375, 47.0905, 47.6677, 62.8915, -27.1755, -60.5156, 
-42.7538, 47.2154, 47.8493, 62.754, -27.6852, -60.5963, 
-43.1088, 47.7717, 47.6833, 63.3804, -27.5863, -60.9634, 
-43.055, 48.168, 48.1282, 63.6112, -27.742, -61.7148, 
-43.4861, 48.65, 48.5321, 63.5911, -27.8829, -62.346, 
-43.5252, 49.3331, 48.7287, 64.0452, -28.3391, -62.627, 
-44, 50, 49, 64, -28, -63, 
